temperature_c,humidity_percent,wind_speed_kmh,air_quality_index,vegetation_index,distance_to_station_km,response_time_min,fire_risk_score,fire_risk_level
33.44,30.67,34.49,28.04,0.373,14.97,13.31,47.26,Medium
22.68,29.51,28.88,143.85,0.295,12.42,13.6,51.91,Medium
37.0,68.5,41.66,36.15,0.093,6.72,4.61,36.2,Medium
38.52,48.61,6.52,130.86,0.176,8.29,5.04,28.74,Low
15.39,37.77,19.35,63.45,0.665,7.24,8.41,41.36,Medium
20.58,51.97,17.37,167.07,0.722,5.37,8.22,42.61,Medium
32.02,8.0,2.26,128.73,0.351,7.89,11.47,50.61,Medium
28.47,41.14,32.6,49.64,0.319,6.24,6.32,47.67,Medium
30.87,81.95,19.3,53.73,0.468,6.05,8.12,24.17,Low
24.18,44.65,29.4,122.25,0.112,15.42,13.65,59.75,Medium
38.04,43.36,45.6,83.19,0.129,6.81,7.76,47.95,Medium
37.22,52.96,18.47,87.38,0.486,5.86,7.34,39.33,Medium
31.53,59.91,17.79,152.25,0.338,4.89,4.79,36.6,Medium
40.02,8.0,23.19,61.31,0.68,4.58,7.44,55.77,Medium
34.74,8.35,31.87,99.11,0.527,2.09,5.74,62.26,Medium
24.13,46.21,16.33,137.96,0.485,5.37,6.12,41.7,Medium
33.95,27.7,15.69,131.41,0.625,11.59,12.62,62.94,Medium
23.33,68.24,32.57,87.82,0.437,3.62,8.74,35.1,Medium
38.03,35.7,25.79,82.0,0.596,19.79,17.56,74.64,High
30.6,8.0,1.55,16.75,0.487,0.6,2.0,18.22,Low
29.52,16.64,9.75,47.47,0.255,7.68,8.86,35.6,Medium
25.55,8.0,37.01,109.33,0.167,6.41,5.57,62.6,Medium
40.78,37.32,26.02,88.8,0.707,15.24,13.39,52.08,Medium
29.76,38.23,14.38,98.37,0.33,3.31,3.72,31.07,Low
27.57,33.51,20.3,141.77,0.479,1.88,8.32,46.43,Medium
28.18,63.58,22.13,41.57,0.516,4.7,8.78,32.32,Low
35.26,65.97,29.36,84.37,0.578,4.16,9.38,42.86,Medium
33.92,38.59,8.42,103.49,0.724,1.26,7.39,41.68,Medium
34.3,8.0,13.59,63.31,0.424,5.9,6.87,40.52,Medium
34.45,54.35,24.73,159.42,0.273,3.89,5.27,39.79,Medium
48.13,53.11,21.0,135.89,0.625,13.45,16.43,64.26,Medium
27.75,48.19,27.72,108.06,0.296,5.97,7.17,50.08,Medium
26.9,61.63,9.7,175.74,0.701,2.98,2.4,34.42,Low
24.49,18.7,25.57,27.55,0.503,5.45,9.79,47.22,Medium
35.93,82.18,32.92,94.65,0.275,6.32,8.15,32.12,Low
40.03,22.81,26.87,111.49,0.448,8.2,12.68,64.75,Medium
30.09,56.98,23.39,53.85,0.721,5.64,7.99,45.85,Medium
24.28,8.25,21.04,108.53,0.132,19.16,15.45,60.69,Medium
24.4,23.39,13.65,45.2,0.093,2.03,9.03,20.64,Low
36.2,72.33,21.28,126.08,0.285,3.84,2.46,23.29,Low
36.95,36.78,34.6,142.6,0.512,2.99,4.33,59.36,Medium
35.35,58.8,20.81,107.26,0.617,4.3,4.36,34.63,Low
25.68,46.74,13.1,15.0,0.268,6.87,2.63,21.72,Low
32.86,39.9,17.08,51.49,0.196,6.53,10.1,28.62,Low
31.93,69.28,24.01,120.41,0.309,8.06,7.44,42.49,Medium
32.75,37.27,18.26,95.95,0.054,5.95,9.83,31.01,Low
37.97,8.0,26.85,15.0,0.271,6.2,8.69,37.98,Medium
32.79,25.94,27.23,150.93,0.716,6.03,9.14,57.46,Medium
36.43,53.02,30.89,101.15,0.652,4.0,5.26,43.05,Medium
31.54,49.91,36.24,58.14,0.748,3.77,4.35,47.23,Medium
33.31,10.66,31.96,139.77,0.681,2.94,5.99,59.78,Medium
36.05,27.51,12.66,64.51,0.259,8.35,11.31,34.74,Low
19.34,30.37,12.96,64.02,0.748,0.74,4.32,33.8,Low
28.44,34.69,21.24,111.13,0.515,6.11,5.91,37.03,Medium
27.24,14.48,17.49,175.15,0.328,9.41,6.65,53.57,Medium
25.89,29.43,10.62,168.06,0.7,11.07,11.15,62.59,Medium
28.8,27.43,17.58,111.19,0.482,0.5,2.91,35.2,Medium
42.96,57.43,17.25,115.81,0.335,4.09,6.28,37.32,Medium
24.07,58.18,15.28,130.62,0.481,3.09,5.26,42.07,Medium
38.75,39.08,18.84,38.44,0.652,3.84,5.19,37.68,Medium
17.54,34.16,33.78,123.99,0.738,12.6,12.29,59.22,Medium
28.32,44.8,23.99,61.97,0.832,3.1,7.25,48.31,Medium
32.3,25.67,46.72,109.33,0.776,9.39,14.55,70.21,High
35.69,19.06,23.71,84.76,0.604,6.17,9.6,52.97,Medium
36.69,23.2,19.1,117.55,0.443,3.71,10.21,46.34,Medium
37.35,29.3,22.04,100.31,0.416,3.42,4.01,36.11,Medium
28.21,18.73,24.56,15.0,0.408,6.62,3.97,33.67,Low
27.3,45.24,26.35,103.05,0.392,5.24,7.11,45.12,Medium
37.86,56.59,42.77,123.9,0.591,1.18,6.85,57.79,Medium
29.47,10.26,13.55,115.07,0.444,2.54,7.28,48.57,Medium
20.79,42.5,30.59,90.38,0.468,6.74,11.07,49.11,Medium
21.93,37.6,24.08,168.9,0.334,1.95,2.0,34.16,Low
23.64,48.83,6.29,109.01,0.592,10.28,13.3,32.41,Low
34.98,41.74,29.71,114.7,0.721,1.47,5.72,51.44,Medium
32.14,12.93,34.68,142.0,0.127,4.51,2.85,31.4,Low
36.52,16.75,13.43,111.32,0.748,8.53,10.92,48.62,Medium
27.58,42.59,21.91,54.59,0.905,2.37,5.85,42.51,Medium
32.27,62.58,4.75,15.0,0.56,1.83,6.05,22.09,Low
36.0,8.0,9.41,73.53,0.742,7.51,11.01,52.6,Medium
28.53,48.91,32.48,129.24,0.573,9.59,10.83,64.91,Medium
34.65,65.79,17.34,79.11,0.442,4.75,3.17,30.2,Low
25.7,38.94,10.91,131.05,0.295,4.01,6.05,30.9,Low
28.1,53.0,24.29,101.69,0.735,1.42,2.0,44.89,Medium
27.95,27.94,16.78,152.96,0.119,5.78,9.09,49.12,Medium
21.43,39.61,17.29,81.72,0.714,0.99,8.09,42.73,Medium
34.9,9.58,29.39,116.04,0.761,12.71,8.52,63.83,Medium
27.24,8.0,10.38,117.76,0.429,4.93,5.28,37.94,Medium
31.1,60.86,12.95,162.57,0.258,2.58,3.34,19.7,Low
34.85,22.3,23.54,18.2,0.589,3.4,4.9,39.08,Medium
34.57,32.89,31.69,74.37,0.604,6.1,8.69,46.5,Medium
36.32,14.27,34.38,133.18,0.544,3.86,5.21,54.5,Medium
30.21,13.8,15.35,164.57,0.118,5.4,8.87,45.58,Medium
27.61,38.52,31.37,105.8,0.751,2.28,8.03,41.13,Medium
30.36,27.41,14.16,81.83,0.385,11.21,13.48,41.97,Medium
17.5,49.56,40.26,129.07,0.641,3.45,3.28,42.51,Medium
19.42,51.05,10.66,134.09,0.081,0.7,7.88,22.66,Low
20.42,48.42,35.28,78.82,0.132,4.11,10.13,33.32,Low
23.02,46.77,15.44,109.86,0.19,3.05,9.71,29.69,Low
34.2,73.56,42.13,148.12,0.689,10.73,10.04,57.35,Medium
23.76,20.65,27.91,180.07,0.768,2.59,3.68,47.43,Medium
27.97,40.9,11.84,128.42,0.12,3.81,3.83,22.73,Low
41.39,64.65,16.78,96.99,0.551,6.22,4.98,35.7,Medium
28.15,67.29,29.81,92.57,0.795,8.1,8.89,48.13,Medium
36.9,13.56,32.53,120.08,0.071,13.26,14.07,60.62,Medium
23.53,35.75,21.29,89.79,0.751,2.77,8.93,49.24,Medium
29.36,69.16,22.45,103.53,0.313,12.32,10.18,43.91,Medium
23.4,52.16,29.58,47.4,0.813,10.46,10.18,47.7,Medium
28.29,45.91,23.32,153.37,0.374,3.01,5.55,31.05,Low
37.72,37.65,9.06,43.69,0.497,2.73,4.05,35.85,Medium
17.18,34.32,13.87,75.55,0.385,7.17,10.14,38.49,Medium
34.48,47.76,24.35,99.39,0.252,5.31,8.09,33.01,Low
32.9,36.95,34.15,184.59,0.265,7.16,8.65,55.97,Medium
26.25,41.15,38.16,75.98,0.412,4.21,7.42,49.7,Medium
19.43,43.57,29.8,65.03,0.568,5.7,8.96,52.71,Medium
31.58,28.44,24.87,70.21,0.723,4.95,8.48,52.22,Medium
26.76,52.64,29.49,169.65,0.375,7.09,6.16,51.28,Medium
32.86,98.0,15.33,15.0,0.72,2.65,7.83,17.64,Low
31.17,8.0,20.47,49.88,0.841,6.02,8.25,54.47,Medium
43.81,48.48,13.76,217.91,0.569,13.08,10.76,60.64,Medium
29.09,26.8,9.51,121.59,0.494,12.6,12.15,53.98,Medium
22.81,53.55,25.34,45.23,0.601,6.51,8.77,48.13,Medium
32.43,42.93,23.86,93.11,0.192,2.6,8.27,36.35,Medium
32.76,57.24,28.88,98.04,0.232,17.17,11.69,44.01,Medium
41.87,65.51,27.46,133.08,0.387,7.09,11.57,42.48,Medium
37.68,45.85,24.43,177.78,0.302,16.11,13.72,70.71,High
33.85,64.64,27.57,112.48,0.611,7.29,7.11,48.54,Medium
42.71,8.0,21.57,70.71,0.464,0.43,2.92,43.66,Medium
21.49,73.81,26.13,130.42,0.891,17.1,11.76,57.99,Medium
25.88,49.5,14.74,63.58,0.189,9.51,5.35,27.32,Low
23.59,63.56,25.7,48.5,0.48,5.55,9.02,29.07,Low
27.88,17.6,28.68,15.8,0.363,1.1,9.61,41.36,Medium
19.99,25.38,15.3,24.57,0.723,10.2,6.08,33.92,Low
36.08,44.92,22.52,54.66,0.878,7.24,5.97,46.25,Medium
29.22,41.66,15.76,42.0,0.266,20.25,18.03,47.52,Medium
19.23,47.66,16.73,109.1,0.107,15.09,12.94,22.25,Low
22.88,63.69,10.75,41.03,0.39,15.81,15.57,37.34,Medium
33.51,8.0,34.66,15.0,0.522,6.39,7.58,45.39,Medium
37.71,61.48,32.66,48.02,0.25,6.19,6.26,32.43,Low
46.97,42.17,27.37,73.77,0.382,7.3,7.82,46.13,Medium
49.0,37.92,41.72,67.75,0.359,3.28,2.0,53.11,Medium
34.32,12.58,20.11,163.38,0.724,5.67,4.54,58.77,Medium
23.08,52.06,52.32,67.39,0.162,4.87,9.29,44.66,Medium
13.94,8.0,19.72,134.64,0.291,12.09,14.23,57.78,Medium
33.14,54.97,24.55,94.15,0.555,13.71,15.74,62.63,Medium
24.5,12.16,18.02,93.1,0.529,8.7,10.32,53.9,Medium
27.68,43.07,25.72,57.41,0.73,2.86,2.0,38.34,Medium
26.1,39.62,30.36,92.35,0.412,17.81,13.1,61.65,Medium
29.87,65.39,20.86,60.57,0.389,10.17,13.41,27.51,Low
39.53,38.43,39.77,102.65,0.168,6.96,12.23,64.46,Medium
32.26,28.12,24.39,84.37,0.465,8.16,12.3,61.39,Medium
29.73,31.87,24.7,52.49,0.342,1.69,4.42,32.96,Low
22.71,67.46,12.91,139.64,0.233,4.88,3.66,15.27,Low
17.6,52.73,26.18,114.21,0.317,12.77,11.56,51.83,Medium
27.11,34.29,20.66,74.84,0.247,1.61,5.0,25.23,Low
30.57,37.27,15.92,101.55,0.255,1.56,8.85,37.36,Medium
45.14,10.66,14.24,91.23,0.311,10.21,10.69,44.78,Medium
32.04,49.77,48.72,55.96,0.367,7.77,8.7,61.54,Medium
38.86,8.0,19.37,98.17,0.294,1.63,5.16,33.04,Low
27.01,57.04,7.43,67.05,0.676,4.56,7.73,33.23,Low
21.52,44.57,15.02,52.48,0.507,6.96,9.74,24.4,Low
23.28,89.74,21.48,21.98,0.179,6.39,6.02,13.89,Low
25.2,20.0,27.47,78.86,0.243,7.34,5.76,37.28,Medium
48.03,39.95,27.55,120.51,0.242,4.31,10.01,54.78,Medium
24.43,77.97,28.77,63.74,0.98,6.62,3.87,38.5,Medium
37.71,65.83,15.55,208.43,0.4,8.69,13.31,59.31,Medium
23.78,28.08,25.4,134.86,0.482,8.24,4.17,40.34,Medium
38.45,46.48,13.24,153.69,0.083,4.4,5.18,29.86,Low
34.08,42.04,15.8,130.79,0.355,9.24,11.97,46.62,Medium
29.75,47.64,12.82,178.38,0.824,2.59,5.56,50.52,Medium
30.67,28.03,10.12,59.58,0.294,3.4,2.75,26.93,Low
25.76,40.21,32.64,15.0,0.741,10.2,11.19,56.22,Medium
34.57,10.04,28.89,74.92,0.295,9.11,9.63,53.23,Medium
27.36,44.7,31.77,120.12,0.475,4.7,6.28,48.58,Medium
21.2,51.0,22.39,101.82,0.593,3.34,4.45,30.77,Low
20.78,37.45,29.77,107.4,0.344,3.7,6.14,40.81,Medium
32.38,9.7,4.39,154.44,0.422,8.44,7.61,56.39,Medium
43.63,61.77,30.63,112.19,0.702,7.4,14.52,52.35,Medium
32.28,49.29,23.77,130.95,0.804,3.18,5.31,51.1,Medium
30.05,27.48,28.27,52.72,0.792,9.07,8.51,58.68,Medium
33.29,36.39,25.8,45.71,0.379,4.55,5.38,43.57,Medium
41.45,11.99,12.13,167.64,0.609,2.66,10.04,61.9,Medium
32.76,21.49,7.02,99.54,0.312,4.0,2.3,29.98,Low
27.71,31.24,14.88,66.95,0.817,5.98,8.48,49.64,Medium
39.85,66.57,27.65,67.04,0.312,8.86,8.72,34.66,Low
34.43,29.21,28.9,65.79,0.623,8.48,5.53,47.1,Medium
43.29,54.8,8.32,63.1,0.355,5.21,5.08,20.15,Low
32.47,31.23,12.19,37.26,0.319,6.48,8.68,41.52,Medium
21.2,46.96,14.77,27.48,0.176,4.89,4.77,20.32,Low
20.05,39.17,18.43,86.22,0.675,3.18,6.56,34.15,Low
44.21,59.46,8.38,68.32,0.178,5.35,11.53,32.3,Low
44.79,31.3,7.78,144.82,0.659,1.09,5.08,51.18,Medium
29.56,10.55,13.78,108.19,0.714,13.88,8.7,63.96,Medium
27.93,14.36,22.86,106.94,0.574,6.36,5.7,44.22,Medium
42.69,31.36,10.19,61.56,0.84,7.59,7.84,32.47,Low
22.14,17.02,20.84,89.55,0.782,3.29,5.1,49.08,Medium
23.84,50.2,32.59,111.25,0.116,6.33,8.18,32.15,Low
36.15,32.68,8.98,127.23,0.526,7.07,9.03,49.89,Medium
27.84,89.49,19.94,90.77,0.74,4.72,11.16,44.69,Medium
30.96,8.0,32.25,143.56,0.397,4.9,6.93,61.51,Medium
29.69,46.07,17.82,95.36,0.415,1.93,2.28,38.32,Medium
33.7,19.44,16.26,130.68,0.547,16.77,16.95,75.42,High
42.26,32.13,33.63,72.96,0.438,3.26,9.11,59.64,Medium
31.72,44.83,18.94,15.0,0.341,3.59,6.74,35.07,Medium
36.15,8.0,33.04,107.08,0.172,14.45,12.05,68.92,Medium
14.6,46.74,26.29,127.64,0.888,7.83,10.26,55.61,Medium
30.61,80.06,18.57,120.89,0.435,8.91,8.82,29.91,Low
24.25,32.93,26.8,114.0,0.561,1.82,2.0,52.57,Medium
21.25,47.2,25.2,79.31,0.326,6.27,9.17,37.29,Medium
23.97,62.5,32.21,58.7,0.627,1.84,7.33,44.53,Medium
28.33,38.72,16.52,119.83,0.462,2.89,9.34,38.78,Medium
38.33,30.38,22.41,114.19,0.72,18.31,13.16,74.68,High
20.39,8.0,21.38,69.76,0.549,2.47,6.05,28.45,Low
31.25,54.82,29.04,144.92,0.089,8.63,9.8,40.05,Medium
27.13,39.74,11.75,55.27,0.253,2.67,5.82,23.36,Low
28.38,21.75,32.17,68.74,0.529,2.94,6.05,48.24,Medium
39.02,44.53,26.66,168.64,0.413,25.38,19.32,83.79,High
35.3,30.33,8.83,134.09,0.684,5.23,7.67,42.26,Medium
41.7,31.43,34.08,78.89,0.691,1.7,6.87,56.76,Medium
29.76,54.13,44.34,107.93,0.538,8.87,12.37,66.37,Medium
25.43,15.23,32.02,101.97,0.369,12.19,9.42,68.34,Medium
29.21,62.95,36.27,15.0,0.155,9.41,9.22,36.8,Medium
32.94,14.05,22.85,54.21,0.261,4.9,5.89,35.29,Medium
32.41,28.75,5.38,92.71,0.362,5.02,5.6,25.2,Low
22.32,80.46,3.56,78.95,0.465,3.76,2.22,23.59,Low
31.72,64.55,24.55,106.12,0.485,2.23,5.4,38.92,Medium
32.83,43.95,16.08,145.83,0.254,6.98,9.39,41.67,Medium
49.0,23.19,12.85,80.53,0.469,4.73,6.45,34.81,Low
46.01,31.41,21.37,47.41,0.172,1.86,5.1,26.18,Low
24.17,43.47,28.16,109.62,0.22,5.32,8.24,41.83,Medium
28.7,42.75,7.47,80.3,0.438,3.27,9.49,35.19,Medium
19.29,40.18,17.51,87.98,0.313,6.74,6.99,21.94,Low
26.27,41.38,37.1,81.87,0.176,6.29,4.84,39.91,Medium
33.52,37.71,11.25,195.88,0.805,4.26,6.33,44.85,Medium
40.65,13.16,30.7,15.0,0.602,5.5,12.01,63.53,Medium
25.17,31.67,17.15,77.52,0.336,5.84,4.6,33.3,Low
25.77,60.29,27.46,94.83,0.56,10.2,11.74,46.45,Medium
13.82,14.63,32.97,59.85,0.588,5.36,10.11,56.06,Medium
29.7,38.21,29.41,135.49,0.495,3.83,2.0,44.06,Medium
22.5,25.6,31.09,131.6,0.862,4.58,7.77,66.78,Medium
26.76,44.23,10.48,92.85,0.231,15.98,15.1,45.34,Medium
23.99,34.23,33.14,82.82,0.367,2.75,4.98,38.89,Medium
30.25,71.55,13.47,89.96,0.741,4.8,5.26,32.53,Low
16.94,52.13,24.6,90.28,0.292,4.74,5.37,30.45,Low
19.26,15.76,24.58,91.47,0.782,4.89,6.11,59.83,Medium
48.03,55.42,26.85,86.54,0.462,1.27,4.01,35.09,Medium
20.7,26.51,25.37,106.36,0.435,2.17,4.07,41.24,Medium
22.23,30.46,13.56,128.89,0.309,4.56,5.87,29.8,Low
45.7,48.28,8.5,39.64,0.397,3.69,9.19,21.15,Low
49.0,32.17,30.72,47.72,0.278,6.71,4.99,42.93,Medium
21.63,59.86,23.86,16.32,0.673,11.15,6.32,38.11,Medium
28.05,26.51,33.49,133.99,0.717,7.07,11.26,63.88,Medium
33.73,29.62,21.55,106.26,0.366,5.99,7.11,35.17,Medium
44.83,28.87,7.95,117.74,0.82,7.55,7.56,55.69,Medium
23.11,30.69,31.66,30.67,0.612,6.38,7.55,46.08,Medium
29.04,63.98,18.3,175.32,0.075,5.47,7.8,27.89,Low
37.22,54.58,25.42,67.6,0.422,9.95,8.66,35.48,Medium
34.48,76.2,15.53,102.57,0.783,4.47,7.94,38.94,Medium
27.99,87.35,38.44,133.45,0.361,2.14,2.88,35.03,Medium
29.93,21.39,13.23,50.59,0.112,3.6,5.4,27.98,Low
20.0,43.41,18.63,70.42,0.74,3.24,2.0,28.18,Low
29.09,18.48,23.07,103.06,0.438,18.73,18.17,68.96,Medium
28.87,26.45,11.08,223.59,0.459,11.58,10.51,63.4,Medium
32.86,29.4,25.31,108.55,0.176,6.04,9.3,36.75,Medium
26.56,20.86,38.12,167.29,0.613,3.31,7.18,60.87,Medium
34.77,20.96,17.1,149.26,0.35,9.88,11.3,62.0,Medium
39.1,39.11,25.95,111.56,0.391,5.88,7.51,39.27,Medium
32.24,17.67,0.0,50.49,0.914,4.47,7.65,50.06,Medium
33.81,58.84,21.61,142.69,0.35,5.91,5.15,46.41,Medium
31.43,23.64,18.87,27.59,0.505,4.56,3.81,33.0,Low
31.0,98.0,13.82,167.04,0.58,7.49,8.24,35.16,Medium
25.23,32.97,32.81,104.0,0.809,1.98,3.49,54.5,Medium
33.53,43.44,18.74,15.0,0.204,7.45,12.04,32.77,Low
30.22,16.09,20.23,79.68,0.398,4.56,7.67,29.97,Low
47.75,76.12,18.23,124.43,0.114,10.03,8.22,34.61,Low
43.59,64.39,2.83,84.33,0.386,11.75,10.37,38.84,Medium
34.09,47.94,10.68,127.18,0.412,13.38,12.36,52.73,Medium
24.9,15.06,31.61,56.75,0.528,19.6,15.59,62.26,Medium
22.1,46.21,0.9,36.23,0.525,13.09,12.53,34.35,Low
40.53,19.57,14.34,91.78,0.442,9.82,10.07,56.19,Medium
33.1,71.25,18.0,96.42,0.714,2.22,2.0,31.02,Low
34.84,58.18,39.44,79.32,0.339,0.61,2.0,24.36,Low
17.04,43.91,29.69,150.23,0.131,10.7,9.48,50.27,Medium
38.42,8.0,16.43,56.74,0.295,2.88,7.13,37.81,Medium
34.64,22.33,35.05,109.09,0.469,28.16,19.99,89.93,High
22.12,55.76,14.59,98.06,0.297,1.53,8.01,19.37,Low
27.23,66.26,32.09,24.95,0.447,9.55,9.62,37.55,Medium
33.11,64.18,8.41,35.64,0.36,6.36,11.21,31.17,Low
31.42,10.16,32.73,95.54,0.763,1.7,7.9,58.3,Medium
28.66,48.03,17.94,184.15,0.454,6.34,10.43,43.13,Medium
30.17,62.31,11.71,121.07,0.578,3.17,2.89,17.17,Low
28.98,8.83,19.83,17.35,0.748,5.24,7.19,55.01,Medium
32.22,41.84,24.77,15.0,0.199,5.29,10.23,34.18,Low
42.77,47.48,17.05,127.99,0.438,3.2,6.6,47.65,Medium
10.47,35.98,27.54,90.67,0.49,4.27,7.95,44.74,Medium
29.11,8.0,16.17,146.36,0.46,2.97,2.31,45.87,Medium
32.41,35.49,28.2,55.37,0.578,1.14,9.48,43.17,Medium
33.37,35.45,26.42,110.76,0.144,5.98,5.61,40.18,Medium
28.02,39.04,21.39,133.08,0.306,13.04,6.84,52.78,Medium
16.95,30.73,17.59,74.86,0.588,3.11,4.99,35.22,Medium
33.62,33.14,23.52,75.83,0.208,17.27,8.24,56.11,Medium
44.82,41.21,27.5,96.14,0.707,19.54,13.01,61.56,Medium
18.73,50.85,42.62,119.42,0.709,4.01,12.8,50.12,Medium
37.91,35.91,31.39,94.35,0.376,4.73,5.89,49.94,Medium
28.37,33.81,31.76,138.83,0.493,4.06,2.87,40.71,Medium
30.51,43.85,52.89,74.21,0.402,2.25,5.41,58.22,Medium
22.58,8.0,27.16,35.22,0.458,4.75,4.61,46.93,Medium
28.32,51.54,26.85,183.96,0.191,4.37,8.78,51.92,Medium
41.4,41.99,29.04,67.79,0.535,5.91,5.32,49.44,Medium
35.66,42.79,11.91,69.42,0.831,6.13,8.36,41.06,Medium
44.86,61.21,17.56,92.04,0.483,2.11,2.4,21.98,Low
40.42,8.0,16.94,98.02,0.46,8.33,15.49,69.27,Medium
34.51,8.0,28.48,77.6,0.51,4.71,8.08,44.46,Medium
44.95,47.48,20.26,94.22,0.537,2.47,5.12,49.09,Medium
34.51,41.86,23.38,93.21,0.733,4.63,6.05,50.91,Medium
37.62,45.4,32.87,102.87,0.444,6.3,6.39,46.61,Medium
28.63,32.76,30.63,15.0,0.444,14.61,10.87,51.57,Medium
31.53,55.29,20.38,179.64,0.666,13.14,9.92,60.99,Medium
25.42,60.65,15.3,88.37,0.257,3.75,10.45,28.66,Low
38.92,51.68,33.35,121.13,0.375,4.95,5.59,52.19,Medium
21.57,36.78,29.74,32.99,0.337,2.9,2.0,34.33,Low
37.26,8.0,5.94,73.8,0.787,7.01,5.29,48.63,Medium
29.47,57.38,18.87,64.75,0.495,3.91,8.67,31.48,Low
40.37,66.43,23.66,161.14,0.411,4.82,6.26,49.53,Medium
37.01,54.89,29.79,68.64,0.371,10.94,10.23,35.03,Medium
45.57,24.41,31.1,129.11,0.359,2.1,8.18,55.26,Medium
36.85,55.48,24.84,65.73,0.207,13.16,9.96,44.75,Medium
18.42,59.21,27.85,74.63,0.508,7.48,10.07,35.97,Medium
30.46,73.18,22.64,83.95,0.491,12.77,9.99,47.6,Medium
21.62,24.48,15.26,152.77,0.155,9.19,10.95,43.97,Medium
26.85,37.47,19.39,15.0,0.761,10.31,9.21,42.36,Medium
43.09,56.95,22.19,35.8,0.318,5.7,6.82,37.57,Medium
36.1,43.15,21.65,15.0,0.568,2.41,7.5,29.95,Low
25.41,19.65,3.14,46.06,0.46,3.54,8.0,36.06,Medium
22.89,50.29,18.03,58.48,0.581,3.04,5.41,20.21,Low
31.26,53.57,22.56,22.35,0.141,0.88,3.35,18.68,Low
21.27,43.76,19.19,61.96,0.601,10.93,14.56,49.78,Medium
25.63,46.39,19.53,15.0,0.691,5.25,8.62,34.48,Low
33.5,36.83,26.88,49.19,0.297,2.84,4.73,34.59,Low
40.24,71.57,11.21,149.02,0.225,19.07,13.81,47.91,Medium
35.87,23.99,5.72,113.16,0.408,24.34,21.17,74.34,High
12.67,30.25,18.52,103.44,0.484,1.88,5.42,36.96,Medium
33.43,42.22,29.64,49.87,0.426,4.75,6.44,41.43,Medium
31.58,59.58,38.88,25.88,0.13,4.52,7.0,31.63,Low
34.31,12.05,29.82,43.74,0.386,2.67,6.44,40.44,Medium
43.93,15.79,7.32,93.06,0.405,10.76,10.32,47.92,Medium
14.49,8.0,19.68,134.07,0.474,0.89,7.55,45.59,Medium
26.27,42.65,24.57,135.61,0.539,16.03,16.77,63.77,Medium
35.73,19.63,23.78,123.38,0.624,5.87,8.85,63.01,Medium
18.35,34.31,27.39,61.81,0.839,18.07,18.28,69.81,Medium
42.81,55.23,12.83,96.1,0.532,5.53,7.34,41.49,Medium
33.95,29.17,22.65,80.54,0.695,4.51,8.43,42.54,Medium
37.77,46.63,26.2,85.95,0.319,11.32,13.31,56.02,Medium
26.43,36.01,30.26,186.67,0.234,18.0,17.35,64.82,Medium
37.51,55.44,13.94,15.71,0.793,16.17,15.99,48.99,Medium
39.55,51.5,18.55,84.44,0.256,1.32,6.37,39.4,Medium
32.86,28.16,0.0,149.53,0.569,13.54,17.01,63.18,Medium
32.88,38.63,15.79,29.03,0.064,4.35,5.26,26.46,Low
33.16,62.87,16.76,66.03,0.733,5.12,6.68,40.37,Medium
24.09,49.87,11.8,71.19,0.137,4.28,6.03,20.3,Low
29.82,14.06,23.66,84.95,0.672,3.54,5.2,46.69,Medium
29.78,55.11,21.44,23.18,0.575,4.79,2.0,31.55,Low
34.07,20.31,0.0,121.79,0.644,2.59,8.99,50.18,Medium
39.0,70.25,24.16,124.98,0.49,13.59,9.59,49.31,Medium
22.53,62.48,12.72,117.88,0.662,9.1,9.89,53.96,Medium
30.0,47.8,26.86,55.83,0.366,6.66,4.44,32.37,Low
42.85,45.14,9.18,98.89,0.631,4.28,8.12,35.1,Medium
25.05,37.82,22.3,54.53,0.828,3.73,4.27,31.59,Low
24.42,55.57,19.17,80.03,0.615,7.69,5.78,27.84,Low
32.62,34.58,25.03,191.91,0.319,6.82,8.58,50.18,Medium
37.76,46.71,23.25,99.31,0.711,11.85,9.36,54.4,Medium
31.09,59.44,19.45,41.56,0.29,3.77,4.83,27.09,Low
41.63,30.76,6.64,103.12,0.239,3.5,6.53,32.85,Low
37.85,29.68,7.23,34.17,0.477,8.85,11.31,45.8,Medium
37.73,18.11,16.16,41.04,0.479,10.13,8.03,45.51,Medium
35.43,20.71,21.92,48.15,0.568,23.19,15.44,66.86,Medium
49.0,8.0,15.92,75.01,0.526,1.26,4.81,41.93,Medium
29.36,56.6,28.25,137.16,0.754,14.07,13.79,72.45,High
14.97,78.18,19.21,121.03,0.459,6.28,11.42,26.92,Low
43.83,70.51,12.35,118.53,0.639,3.94,3.69,36.96,Medium
27.34,9.48,19.22,45.55,0.819,7.76,7.86,51.45,Medium
31.86,56.5,24.26,70.64,0.642,7.58,11.49,52.18,Medium
41.48,70.44,25.25,107.24,0.568,4.03,11.35,46.9,Medium
18.18,32.86,40.78,66.73,0.507,1.35,2.33,38.1,Medium
20.99,44.03,15.31,82.47,0.748,14.11,10.62,48.91,Medium
18.19,8.0,21.27,114.86,0.442,3.27,6.91,51.93,Medium
24.65,47.33,26.26,79.31,0.562,2.88,4.28,35.95,Medium
34.52,20.73,21.77,105.17,0.648,3.52,4.21,58.1,Medium
35.19,45.99,16.99,166.67,0.412,9.8,10.49,52.73,Medium
33.21,10.78,6.51,87.27,0.152,4.41,10.52,36.96,Medium
19.7,52.86,16.89,148.07,0.463,3.57,2.87,30.89,Low
12.52,62.49,11.26,120.17,0.59,7.41,12.19,42.35,Medium
31.43,26.34,4.73,28.97,0.471,6.71,6.59,28.08,Low
27.23,19.26,14.04,45.4,0.905,3.63,7.04,47.13,Medium
34.68,8.0,11.53,57.49,0.58,1.33,8.77,43.66,Medium
36.62,36.67,27.84,56.53,0.595,9.66,10.61,54.87,Medium
32.11,30.37,28.01,90.94,0.665,6.8,7.33,54.21,Medium
37.08,10.98,12.96,122.66,0.153,0.94,6.36,38.98,Medium
32.83,51.06,19.4,151.48,0.174,15.42,12.82,50.43,Medium
35.24,33.0,3.42,108.87,0.805,0.9,5.84,49.5,Medium
25.36,20.49,17.06,74.94,0.546,3.06,5.32,40.83,Medium
29.56,30.91,25.99,15.0,0.498,3.22,8.09,52.61,Medium
32.57,63.43,30.25,98.18,0.402,3.67,2.72,33.19,Low
37.56,54.06,14.87,96.16,0.364,3.58,3.62,34.64,Low
27.85,39.4,32.52,103.23,0.815,2.03,2.0,42.34,Medium
35.17,54.38,6.84,189.78,0.808,6.35,7.67,58.46,Medium
28.87,18.78,9.52,150.83,0.382,10.74,6.62,42.03,Medium
30.06,42.65,29.1,130.33,0.547,6.29,6.04,50.84,Medium
37.64,44.95,38.71,51.71,0.761,7.06,5.46,50.69,Medium
15.06,32.6,26.93,71.92,0.461,4.48,10.39,44.57,Medium
20.63,50.71,21.6,90.73,0.329,6.12,5.19,29.33,Low
19.14,26.39,0.05,60.11,0.566,7.42,5.24,25.35,Low
12.33,52.2,1.78,117.52,0.351,9.11,10.09,28.29,Low
25.57,53.04,23.29,111.06,0.774,3.36,10.23,57.49,Medium
37.0,8.0,18.42,46.03,0.765,3.03,5.53,50.55,Medium
28.72,65.81,10.94,148.86,0.603,0.62,4.28,24.81,Low
32.58,8.0,22.66,99.6,0.623,18.32,18.22,81.26,High
39.71,29.68,23.15,17.19,0.491,17.59,16.75,54.96,Medium
41.62,62.51,31.44,92.69,0.89,5.4,8.3,59.32,Medium
30.45,35.65,23.37,107.65,0.124,5.62,5.92,37.65,Medium
41.83,12.68,34.28,138.78,0.394,14.72,13.97,76.02,High
31.74,20.13,22.08,79.81,0.447,2.09,2.0,46.26,Medium
24.3,62.54,20.85,132.26,0.56,2.78,4.11,29.95,Low
26.24,8.0,32.64,103.42,0.484,15.3,16.76,74.63,High
19.16,64.58,12.22,35.82,0.634,4.45,9.92,36.83,Medium
23.89,40.9,50.14,31.32,0.17,2.47,6.58,33.12,Low
28.14,18.15,25.75,145.52,0.57,7.72,3.81,47.74,Medium
37.43,30.34,25.81,148.82,0.629,3.38,3.01,48.13,Medium
44.77,21.66,27.25,109.53,0.501,13.65,10.49,65.16,Medium
19.94,59.32,40.77,162.31,0.268,6.08,7.22,36.79,Medium
34.14,56.65,29.93,142.55,0.46,3.48,2.96,43.28,Medium
22.68,8.0,5.95,125.76,0.298,3.63,5.56,27.03,Low
34.8,33.93,36.03,53.99,0.498,7.47,12.9,62.75,Medium
29.95,24.74,18.59,172.91,0.328,4.86,7.92,50.22,Medium
16.35,67.87,23.07,119.13,0.21,4.4,7.19,37.79,Medium
38.43,15.0,9.21,77.64,0.523,9.34,7.06,49.36,Medium
26.16,74.08,27.26,64.93,0.878,14.85,8.81,48.76,Medium
26.73,41.33,15.49,106.56,0.215,8.49,6.02,28.48,Low
22.44,18.76,23.0,19.8,0.761,3.17,2.0,38.34,Medium
25.77,28.45,19.16,126.49,0.566,2.35,5.59,42.61,Medium
34.42,25.97,41.25,52.09,0.826,8.98,10.35,71.78,High
29.49,16.51,41.82,111.68,0.208,8.48,6.67,46.9,Medium
33.63,43.9,22.47,71.53,0.478,4.16,6.87,49.85,Medium
33.9,17.44,22.64,83.1,0.691,4.93,10.63,62.87,Medium
41.57,8.0,18.27,60.94,0.736,3.32,10.88,55.33,Medium
28.26,34.41,33.06,87.74,0.643,2.39,7.36,58.83,Medium
19.19,8.0,18.71,180.02,0.453,3.54,5.68,43.91,Medium
39.54,26.96,17.79,157.33,0.856,0.45,6.11,56.62,Medium
28.35,23.82,31.79,110.95,0.553,12.03,14.6,58.58,Medium
39.92,24.58,16.62,93.86,0.719,1.79,2.0,52.68,Medium
34.07,82.02,21.62,132.99,0.781,5.48,10.99,39.62,Medium
29.95,43.13,6.19,145.85,0.539,0.75,3.09,24.01,Low
33.79,46.91,29.04,57.66,0.716,8.29,7.64,45.64,Medium
46.61,8.0,41.41,91.52,0.517,10.01,9.12,75.3,High
47.62,28.92,29.21,15.0,0.694,5.84,8.3,57.13,Medium
31.56,46.31,36.62,145.54,0.118,5.25,4.37,40.38,Medium
32.28,21.51,13.54,187.93,0.911,3.31,5.27,63.25,Medium
39.61,60.16,24.36,98.6,0.196,11.84,12.42,44.35,Medium
24.23,17.95,12.57,15.0,0.444,1.45,5.42,30.27,Low
33.66,36.27,19.72,122.4,0.911,3.96,7.33,63.64,Medium
30.79,30.28,29.72,54.32,0.318,3.0,4.99,34.45,Low
33.51,45.29,23.02,65.15,0.813,2.92,7.49,41.83,Medium
24.33,29.19,7.87,123.2,0.408,11.64,13.62,51.32,Medium
18.28,36.58,8.85,106.45,0.321,5.02,9.5,37.07,Medium
14.42,37.28,8.19,73.04,0.544,3.29,7.04,30.33,Low
22.06,27.31,26.91,65.77,0.509,6.95,10.52,53.07,Medium
27.33,51.7,42.64,100.66,0.464,6.56,10.11,50.96,Medium
28.65,46.77,35.62,76.57,0.422,9.89,16.62,57.85,Medium
46.5,40.23,3.04,45.08,0.67,7.48,11.53,46.42,Medium
39.85,33.39,36.21,80.03,0.494,5.19,6.89,52.39,Medium
23.3,57.93,31.36,110.28,0.318,5.45,4.99,43.85,Medium
33.78,37.28,6.55,86.99,0.708,7.25,7.7,45.02,Medium
27.74,35.87,18.97,31.39,0.843,2.64,4.75,37.21,Medium
28.73,44.09,32.96,139.51,0.781,6.46,9.16,62.57,Medium
32.48,75.93,27.5,15.0,0.356,14.63,11.03,42.95,Medium
35.95,15.19,8.91,74.91,0.634,5.84,10.49,53.33,Medium
28.29,57.4,28.11,67.09,0.418,4.25,3.07,34.42,Low
39.51,8.0,0.62,101.67,0.136,4.21,2.44,19.43,Low
21.86,46.35,19.77,120.27,0.236,7.05,7.89,21.65,Low
31.05,73.5,33.38,145.7,0.272,6.22,5.62,44.98,Medium
49.0,51.77,22.18,62.94,0.516,8.55,5.99,45.53,Medium
32.78,45.41,17.01,121.4,0.793,3.45,4.48,44.3,Medium
42.47,30.79,30.89,103.81,0.29,4.81,4.98,48.25,Medium
31.73,42.62,31.75,17.98,0.674,9.52,9.74,60.05,Medium
35.65,36.96,35.1,180.52,0.115,10.02,8.46,61.1,Medium
30.55,26.28,30.74,30.26,0.759,10.07,8.69,59.8,Medium
29.64,36.2,32.81,113.88,0.418,8.86,9.3,47.43,Medium
24.76,45.97,29.33,112.55,0.343,9.06,11.97,44.48,Medium
34.44,26.66,24.66,107.4,0.444,6.45,11.55,40.14,Medium
24.19,25.87,22.9,72.74,0.567,1.73,5.41,42.62,Medium
36.32,14.8,19.63,132.23,0.523,1.88,5.69,54.35,Medium
39.68,49.81,9.88,24.78,0.276,5.76,7.0,32.14,Low
33.93,52.91,12.45,92.04,0.529,5.95,8.77,42.54,Medium
28.71,46.63,19.18,69.63,0.293,2.87,6.7,28.75,Low
34.63,61.3,24.41,64.52,0.14,3.02,9.12,26.17,Low
28.53,43.76,36.41,114.29,0.491,5.16,2.38,38.49,Medium
38.48,49.84,21.58,143.49,0.512,20.04,15.44,65.37,Medium
16.35,48.08,32.03,79.55,0.192,2.46,6.32,23.99,Low
28.32,40.17,32.79,130.13,0.444,4.08,6.39,56.2,Medium
15.07,31.38,19.69,97.24,0.119,9.88,7.58,26.14,Low
19.04,86.28,27.95,54.83,0.785,8.73,5.99,34.47,Low
41.91,32.96,19.56,83.39,0.24,6.8,10.1,32.43,Low
38.16,28.68,35.22,81.52,0.431,1.09,2.76,43.57,Medium
25.24,50.68,28.36,63.65,0.443,4.62,2.38,30.9,Low
18.98,47.04,10.1,114.28,0.826,16.68,16.15,57.87,Medium
7.28,13.9,23.62,105.56,0.079,2.93,6.91,26.08,Low
26.65,64.45,38.48,23.42,0.89,2.84,5.42,42.43,Medium
49.0,40.12,20.19,20.68,0.726,14.22,10.24,51.8,Medium
34.48,19.78,26.48,114.11,0.498,5.16,6.81,50.21,Medium
26.52,65.78,27.46,58.31,0.551,1.17,7.74,44.61,Medium
34.72,54.51,11.63,108.59,0.466,2.2,2.0,28.69,Low
18.51,16.71,27.11,130.14,0.208,3.52,2.2,38.28,Medium
28.62,77.54,8.06,37.81,0.568,6.58,6.38,20.99,Low
31.8,55.18,15.74,31.48,0.58,4.75,6.78,27.51,Low
30.31,41.8,32.76,170.35,0.679,2.74,4.4,52.61,Medium
37.33,73.8,25.57,110.82,0.839,4.8,8.49,62.9,Medium
33.76,45.19,18.96,76.13,0.236,2.93,8.48,31.07,Low
36.35,41.44,26.46,52.97,0.654,17.3,15.08,64.77,Medium
25.49,28.79,21.4,72.03,0.615,2.1,6.66,36.48,Medium
38.18,53.64,22.13,41.42,0.162,3.88,7.01,12.25,Low
44.03,51.53,28.57,134.75,0.252,3.47,6.1,37.27,Medium
23.24,42.29,14.73,60.05,0.072,3.51,2.87,29.79,Low
23.9,26.2,22.4,144.21,0.21,2.31,2.81,37.17,Medium
41.69,44.6,18.88,76.97,0.383,13.52,8.74,54.78,Medium
29.47,40.6,6.14,48.05,0.163,21.02,16.24,41.57,Medium
42.23,15.33,12.8,75.82,0.764,7.14,8.87,41.69,Medium
27.46,12.56,37.68,15.0,0.079,6.72,4.41,28.7,Low
42.64,53.3,25.85,89.57,0.368,1.4,5.02,37.86,Medium
32.05,8.0,8.76,87.34,0.196,13.31,9.8,45.44,Medium
33.07,46.11,6.6,132.11,0.361,2.93,3.09,28.19,Low
43.52,32.44,20.88,15.0,0.492,1.25,3.19,29.33,Low
28.11,68.16,37.61,147.28,0.494,8.05,6.03,52.54,Medium
23.47,32.13,20.13,131.93,0.616,11.07,12.16,54.26,Medium
27.41,55.19,35.07,151.34,0.816,13.22,11.51,68.63,Medium
34.62,34.06,25.52,92.63,0.095,3.92,8.39,37.98,Medium
18.47,44.27,26.71,140.63,0.598,3.58,5.04,40.81,Medium
36.1,56.74,8.64,28.79,0.778,6.35,6.79,30.21,Low
26.69,32.75,31.38,127.09,0.297,4.75,11.53,47.52,Medium
40.18,61.93,18.65,60.3,0.329,8.16,4.84,40.75,Medium
11.85,22.13,30.63,20.69,0.366,6.4,11.05,46.42,Medium
24.71,47.89,13.86,44.41,0.443,2.74,9.78,36.37,Medium
17.51,60.45,23.77,95.25,0.217,13.5,14.02,37.35,Medium
24.39,55.2,25.52,57.91,0.487,8.19,8.09,30.2,Low
32.98,80.33,20.46,111.92,0.396,10.9,14.11,50.38,Medium
29.57,26.73,26.05,15.0,0.707,2.78,4.86,45.06,Medium
28.97,14.42,19.34,15.0,0.454,8.03,7.05,40.33,Medium
29.73,22.11,15.51,156.76,0.846,9.56,8.77,59.55,Medium
32.63,55.21,38.05,135.67,0.284,6.22,6.31,36.71,Medium
22.93,51.96,32.49,47.78,0.809,2.28,3.0,43.2,Medium
36.65,44.05,14.39,94.87,0.158,5.82,10.26,42.0,Medium
36.3,19.54,27.68,140.88,0.368,8.97,7.45,50.87,Medium
34.08,57.34,14.57,113.86,0.531,11.39,10.76,42.59,Medium
35.45,17.51,10.15,101.67,0.269,1.52,2.0,36.47,Medium
33.37,65.18,32.34,144.28,0.549,6.13,7.76,45.47,Medium
47.28,98.0,4.96,62.12,0.321,1.85,2.22,20.86,Low
30.3,49.33,31.27,96.4,0.185,9.05,6.48,37.88,Medium
28.54,53.66,19.47,94.2,0.461,10.66,10.12,41.43,Medium
24.97,32.14,19.88,82.73,0.144,2.57,8.19,31.52,Low
22.74,8.0,26.1,77.46,0.433,2.19,6.41,40.71,Medium
21.04,29.95,27.81,98.28,0.339,3.44,7.34,46.04,Medium
23.89,20.14,13.74,96.55,0.812,4.88,6.6,52.58,Medium
30.43,13.06,29.18,47.82,0.456,3.1,5.02,48.05,Medium
33.67,76.45,23.13,131.08,0.738,9.59,11.73,53.87,Medium
31.41,47.46,9.44,51.06,0.214,11.43,9.45,28.58,Low
24.88,49.59,20.3,85.18,0.816,5.95,9.66,47.84,Medium
38.2,35.82,35.81,81.71,0.528,3.18,9.0,49.47,Medium
36.92,38.54,38.77,111.11,0.288,4.75,4.75,53.06,Medium
29.72,61.29,29.17,15.0,0.378,5.95,5.84,34.78,Low
25.78,41.35,10.1,135.09,0.514,4.6,5.39,36.12,Medium
35.39,52.61,26.91,64.54,0.593,5.19,3.45,32.9,Low
32.5,38.08,30.51,149.9,0.221,10.84,9.33,59.97,Medium
19.41,35.16,29.26,73.48,0.824,3.02,9.06,50.86,Medium
30.46,13.86,29.85,92.8,0.254,18.21,12.31,59.25,Medium
33.1,8.0,25.63,181.12,0.125,6.08,10.96,63.97,Medium
23.8,36.77,21.28,82.52,0.278,4.42,5.57,28.98,Low
32.52,43.13,15.92,150.75,0.899,2.96,11.06,55.38,Medium
19.36,16.28,3.02,96.76,0.399,3.17,4.2,27.31,Low
41.69,41.31,25.4,113.69,0.376,5.56,6.98,38.01,Medium
40.98,43.08,23.86,98.15,0.563,6.05,5.35,47.17,Medium
28.98,8.0,27.58,133.15,0.473,4.3,4.86,46.54,Medium
33.91,23.7,8.62,64.15,0.71,1.84,8.45,39.16,Medium
11.72,50.15,28.45,50.72,0.227,5.56,8.52,25.02,Low
21.75,49.74,42.55,66.26,0.8,3.21,8.5,48.51,Medium
28.65,18.93,22.78,99.49,0.674,1.17,2.0,37.79,Medium
22.42,45.17,21.38,85.06,0.02,8.37,10.66,33.69,Low
36.72,62.45,25.09,126.96,0.546,1.35,2.38,35.24,Medium
46.98,57.54,42.32,153.71,0.37,4.17,3.16,49.02,Medium
21.59,40.09,11.76,51.09,0.566,5.09,7.65,46.13,Medium
24.3,32.64,24.03,61.97,0.202,12.44,12.04,42.53,Medium
32.88,29.41,14.0,30.37,0.709,1.23,4.87,38.77,Medium
43.89,51.36,16.53,186.37,0.763,8.98,11.18,66.71,Medium
21.22,45.9,21.5,108.71,0.264,9.92,12.14,42.3,Medium
32.99,54.59,35.47,116.59,0.516,14.89,16.61,67.18,Medium
45.57,44.64,40.01,34.69,0.561,11.17,7.73,54.19,Medium
17.79,58.38,26.48,94.95,0.316,5.21,10.88,37.74,Medium
20.75,43.89,18.23,117.92,0.422,9.24,14.25,44.98,Medium
27.61,57.69,46.93,83.63,0.467,12.83,10.78,53.46,Medium
26.84,59.42,17.72,143.41,0.334,0.94,2.0,26.45,Low
37.5,25.91,16.29,199.03,0.745,1.82,2.0,40.66,Medium
32.93,8.0,4.25,52.38,0.435,6.49,6.74,45.06,Medium
16.8,72.87,35.96,49.01,0.595,9.85,14.94,59.77,Medium
35.12,47.13,31.68,55.5,0.525,8.17,8.94,48.31,Medium
26.38,8.0,46.18,167.28,0.244,6.89,6.59,63.37,Medium
41.2,27.72,8.1,141.91,0.625,14.75,11.14,65.76,Medium
25.98,57.44,36.58,88.9,0.405,4.3,3.27,28.24,Low
25.91,36.41,22.7,96.65,0.8,3.11,8.05,54.15,Medium
35.33,31.76,30.06,58.26,0.591,3.7,5.99,43.12,Medium
37.1,70.02,5.52,135.05,0.879,6.58,13.2,63.44,Medium
34.58,21.05,36.68,77.9,0.815,5.07,8.61,60.73,Medium
17.52,26.04,29.87,83.3,0.302,10.21,12.2,53.64,Medium
35.3,46.23,21.61,122.4,0.329,3.25,5.34,35.88,Medium
22.73,49.81,28.45,86.54,0.133,7.18,5.58,42.63,Medium
32.88,51.93,14.35,84.43,0.308,9.27,7.38,31.29,Low
19.61,60.22,16.21,95.48,0.494,12.82,8.27,44.64,Medium
34.57,45.97,17.37,130.79,0.474,2.12,7.55,44.42,Medium
24.55,51.79,3.47,169.09,0.24,3.65,5.23,28.87,Low
20.74,36.82,30.62,121.35,0.493,4.8,9.26,49.74,Medium
36.71,43.25,33.92,131.15,0.581,1.61,5.31,45.53,Medium
32.93,44.15,14.99,86.01,0.444,6.86,7.38,23.74,Low
26.09,46.3,25.48,63.15,0.25,6.78,5.15,36.77,Medium
42.61,57.45,19.34,124.43,0.698,6.39,8.59,47.71,Medium
27.47,53.1,25.28,102.71,0.55,4.59,6.21,46.71,Medium
31.26,42.88,15.72,30.98,0.42,11.93,13.41,45.05,Medium
33.15,25.82,13.17,80.24,0.279,3.72,4.44,37.78,Medium
26.04,43.35,32.52,91.27,0.925,11.22,12.27,69.24,Medium
34.77,41.44,21.36,72.03,0.595,3.65,10.29,32.16,Low
26.73,45.86,42.22,161.68,0.253,2.07,5.93,48.86,Medium
27.71,86.13,22.46,116.59,0.498,5.24,9.11,33.81,Low
41.9,31.52,12.74,156.79,0.536,5.96,9.01,58.6,Medium
22.68,50.45,34.27,106.85,0.434,7.26,13.1,54.39,Medium
11.7,63.37,28.31,98.66,0.533,0.66,5.32,33.89,Low
43.89,43.96,29.27,52.85,0.223,4.24,8.29,37.09,Medium
49.0,88.76,33.91,95.54,0.358,17.39,14.34,50.14,Medium
27.76,34.44,15.47,95.59,0.568,3.45,4.13,34.22,Low
15.51,48.48,20.73,33.48,0.742,9.94,6.94,28.72,Low
28.52,26.02,20.29,70.72,0.294,28.58,24.32,69.32,Medium
28.71,34.97,9.09,80.45,0.637,19.42,13.13,47.3,Medium
29.48,46.98,19.36,113.61,0.688,2.35,7.28,35.71,Medium
22.09,58.93,35.36,115.76,0.708,9.39,10.68,56.1,Medium
35.64,48.38,24.37,68.84,0.415,9.78,12.17,50.36,Medium
35.2,67.18,8.54,116.1,0.936,8.42,7.76,46.45,Medium
19.04,40.1,6.44,86.81,0.286,2.03,3.24,16.56,Low
36.59,35.36,38.65,15.0,0.461,6.35,8.76,41.69,Medium
47.42,96.08,21.1,73.19,0.306,6.32,7.06,26.41,Low
32.38,49.88,15.53,143.55,0.44,1.79,2.0,27.6,Low
28.3,27.61,19.26,19.32,0.43,4.42,11.5,38.91,Medium
29.86,28.11,7.23,100.07,0.21,6.55,5.95,22.5,Low
35.92,23.15,36.23,166.34,0.158,5.13,4.59,52.73,Medium
17.15,60.73,18.07,60.77,0.355,8.83,8.69,26.61,Low
32.32,34.71,35.67,95.1,0.435,4.33,9.73,53.04,Medium
27.88,44.55,22.52,36.32,0.677,5.9,2.13,38.92,Medium
45.78,40.73,36.3,168.23,0.339,10.36,13.14,67.78,Medium
29.61,56.63,24.57,91.25,0.404,16.09,11.37,53.29,Medium
44.34,25.07,30.53,97.1,0.441,1.99,5.86,36.92,Medium
22.17,20.49,29.19,155.94,0.468,8.61,7.48,51.96,Medium
35.7,46.49,28.23,124.77,0.724,3.82,11.27,63.15,Medium
33.56,54.02,25.48,55.6,0.586,7.32,8.7,46.05,Medium
24.05,48.65,19.67,65.87,0.398,1.86,3.35,35.75,Medium
32.42,25.81,41.15,117.27,0.72,12.09,10.5,79.59,High
40.7,55.55,12.93,66.91,0.171,2.94,5.99,25.86,Low
28.41,27.12,22.04,15.0,0.366,10.48,10.73,40.36,Medium
17.46,31.57,22.15,92.6,0.597,2.09,6.35,34.28,Low
30.86,23.12,26.02,28.39,0.559,1.53,4.91,35.51,Medium
23.78,68.02,17.71,167.73,0.314,4.68,3.36,27.13,Low
28.26,54.67,25.15,102.96,0.329,6.4,6.99,33.65,Low
30.35,54.1,20.31,54.27,0.181,20.54,17.84,44.66,Medium
17.35,66.94,6.18,63.56,0.374,6.29,6.1,21.22,Low
18.07,98.0,22.1,15.0,0.256,2.35,7.09,20.31,Low
34.86,8.0,10.99,45.52,0.303,9.38,9.71,47.19,Medium
26.82,27.23,4.66,140.73,0.427,13.41,11.5,47.27,Medium
10.48,29.68,23.37,195.43,0.874,2.81,8.67,63.3,Medium
37.28,24.98,26.88,127.69,0.592,10.23,5.79,58.24,Medium
33.18,20.45,27.27,90.86,0.522,12.33,9.71,57.2,Medium
25.29,36.01,27.67,75.56,0.104,9.53,12.8,41.91,Medium
20.47,17.67,2.67,51.96,0.429,3.31,10.56,31.74,Low
37.69,48.7,8.39,187.69,0.898,6.44,13.58,66.13,Medium
33.79,43.03,41.74,86.51,0.388,7.31,8.51,51.61,Medium
49.0,51.62,11.53,190.2,0.631,11.86,12.26,58.23,Medium
34.36,52.15,28.11,157.71,0.434,3.49,8.14,43.16,Medium
34.1,54.06,15.13,16.66,0.619,10.4,13.43,45.38,Medium
29.66,34.53,22.8,65.03,0.618,5.0,7.78,46.61,Medium
37.53,84.42,15.67,64.89,0.739,4.24,8.86,34.21,Low
36.0,46.69,27.62,91.41,0.058,5.75,8.6,29.7,Low
41.01,8.0,23.37,92.29,0.068,0.53,5.62,44.16,Medium
26.83,21.95,17.52,229.83,0.417,0.76,2.16,50.05,Medium
27.52,8.0,11.5,46.52,0.779,1.03,3.79,28.28,Low
27.17,42.35,24.68,105.3,0.616,7.54,7.21,54.57,Medium
37.33,39.56,9.87,122.74,0.499,4.61,3.79,35.61,Medium
42.99,32.63,26.27,94.93,0.322,3.32,2.0,38.55,Medium
27.33,82.22,48.26,99.96,0.516,5.39,6.17,49.83,Medium
27.6,52.98,35.5,47.98,0.219,10.56,9.68,49.19,Medium
33.51,56.52,29.18,99.79,0.969,5.21,7.39,60.09,Medium
29.03,23.38,21.14,118.01,0.615,2.29,6.77,48.81,Medium
38.62,22.02,2.61,109.74,0.653,22.64,18.05,61.51,Medium
12.99,42.74,8.78,120.66,0.514,5.59,6.71,21.91,Low
24.39,45.46,34.83,158.57,0.281,12.4,9.15,57.38,Medium
24.74,8.0,14.1,137.16,0.195,9.59,11.95,56.48,Medium
12.44,38.39,15.01,98.21,0.34,4.02,6.16,24.33,Low
23.29,42.28,20.34,42.27,0.67,15.94,12.48,50.12,Medium
23.68,37.7,11.38,68.0,0.648,3.54,5.66,31.16,Low
29.39,25.73,9.73,85.12,0.135,7.45,6.64,27.43,Low
39.9,31.21,21.5,106.36,0.686,6.78,6.74,58.42,Medium
29.04,38.46,13.08,73.48,0.48,7.23,6.93,37.91,Medium
22.75,43.82,14.59,52.89,0.249,14.24,11.83,36.22,Medium
30.54,54.1,14.19,41.53,0.188,5.69,9.06,40.48,Medium
39.39,63.62,27.22,20.7,0.758,6.49,8.91,36.37,Medium
23.19,36.11,19.68,84.43,0.435,6.72,11.9,47.09,Medium
23.72,32.88,20.21,28.87,0.02,19.99,19.02,41.63,Medium
35.47,50.75,27.97,49.98,0.654,11.79,15.97,57.51,Medium
29.23,54.22,20.58,77.27,0.109,1.46,6.27,24.38,Low
36.18,33.32,19.22,34.88,0.179,3.64,7.54,34.94,Low
30.89,57.81,26.7,112.09,0.241,5.98,6.37,33.92,Low
36.61,61.59,28.68,128.31,0.713,14.05,14.5,62.78,Medium
22.72,67.83,20.53,70.28,0.615,14.94,11.32,43.54,Medium
30.9,77.57,22.81,75.33,0.538,5.45,3.6,23.47,Low
29.31,24.67,14.18,119.18,0.32,3.55,9.95,45.29,Medium
21.27,42.28,13.39,62.87,0.455,4.91,3.82,28.59,Low
18.49,42.23,29.69,59.78,0.471,6.14,8.78,42.86,Medium
36.49,40.04,26.45,148.84,0.48,4.66,4.6,46.38,Medium
28.19,29.01,26.55,134.79,0.478,12.6,14.38,61.44,Medium
22.82,12.29,24.81,122.07,0.629,4.33,9.76,61.92,Medium
30.23,43.85,22.46,136.65,0.54,2.84,7.03,50.08,Medium
40.02,26.63,28.96,15.0,0.296,4.83,10.02,49.79,Medium
12.75,43.72,31.35,155.92,0.594,7.02,8.23,52.83,Medium
19.03,26.12,31.11,112.64,0.77,12.76,17.24,78.62,High
23.62,20.01,20.99,140.49,0.527,2.66,7.46,45.34,Medium
42.69,46.69,35.87,112.42,0.68,7.05,5.98,54.92,Medium
33.26,45.02,24.28,97.2,0.639,7.2,8.49,55.87,Medium
37.14,53.59,28.32,82.61,0.256,8.14,8.51,45.08,Medium
21.88,85.72,24.82,111.52,0.858,4.33,5.97,37.44,Medium
22.04,47.55,24.47,80.97,0.24,8.05,4.69,24.87,Low
34.58,51.7,14.64,134.05,0.784,9.43,10.63,53.54,Medium
31.47,20.45,29.01,23.61,0.51,4.29,3.11,34.49,Low
35.39,16.26,50.45,70.63,0.887,6.48,2.0,72.78,High
29.5,73.66,18.25,187.02,0.38,5.05,6.17,41.1,Medium
33.23,23.53,22.71,66.83,0.446,3.16,4.0,33.7,Low
32.26,21.12,17.54,84.26,0.791,1.91,2.99,37.93,Medium
37.22,41.22,17.12,55.28,0.481,3.54,2.0,26.01,Low
37.46,40.2,37.44,110.11,0.687,3.74,4.12,49.19,Medium
18.04,23.95,15.27,61.87,0.876,1.88,4.69,39.19,Medium
13.02,35.9,17.26,86.65,0.921,7.69,7.03,52.99,Medium
39.01,66.59,6.13,133.2,0.664,9.88,10.9,41.13,Medium
40.5,25.88,14.42,63.56,0.182,4.95,10.45,50.59,Medium
22.84,14.13,4.92,130.49,0.38,5.5,8.59,35.07,Medium
16.12,60.85,28.32,132.0,0.065,3.93,8.92,22.82,Low
31.79,51.85,50.0,142.47,0.473,5.28,9.94,68.82,Medium
38.45,29.59,18.33,101.32,0.958,8.09,6.31,64.71,Medium
45.38,10.36,5.33,240.86,0.766,7.06,9.33,67.67,Medium
35.13,27.11,31.0,142.45,0.763,5.26,9.64,66.05,Medium
28.03,40.91,14.73,109.62,0.283,3.74,5.15,32.97,Low
23.85,65.31,34.99,55.58,0.613,9.34,7.63,43.75,Medium
31.09,21.27,19.18,90.63,0.498,4.03,7.75,37.55,Medium
28.61,40.31,15.68,159.18,0.275,2.01,2.0,17.17,Low
22.88,55.5,20.22,171.93,0.848,6.21,5.01,44.53,Medium
47.39,8.0,29.58,161.52,0.2,1.21,3.06,58.61,Medium
45.28,62.68,19.73,130.33,0.224,6.86,9.24,50.62,Medium
40.09,18.35,17.03,38.5,0.548,7.21,8.88,45.37,Medium
23.63,48.64,20.01,116.92,0.365,3.51,8.69,31.63,Low
37.84,46.93,9.28,39.14,0.275,3.9,4.04,23.49,Low
36.12,63.69,25.97,28.06,0.31,10.23,7.7,36.07,Medium
34.54,53.02,4.13,105.76,0.675,18.78,16.58,61.0,Medium
41.0,8.0,17.56,118.54,0.889,5.72,5.44,45.98,Medium
36.08,26.3,29.59,135.65,0.531,3.56,4.63,67.83,Medium
36.92,44.76,25.03,117.37,0.578,7.26,3.71,51.59,Medium
36.1,38.1,27.9,118.92,0.518,5.11,7.79,49.01,Medium
33.73,51.55,21.35,50.69,0.491,6.93,12.01,39.01,Medium
16.73,57.79,33.7,90.28,0.734,6.23,5.16,48.55,Medium
31.67,54.17,31.25,27.18,0.126,6.34,10.36,35.76,Medium
26.55,37.71,26.46,15.0,0.408,0.85,4.36,28.49,Low
20.76,8.0,31.28,128.33,0.199,3.9,2.0,41.91,Medium
44.45,32.89,29.5,61.11,0.477,3.62,3.93,41.89,Medium
44.83,50.33,17.61,134.26,0.534,3.58,3.76,43.34,Medium
41.87,20.19,8.56,144.88,0.488,8.51,8.31,55.38,Medium
33.04,54.63,26.2,67.13,0.846,2.18,6.36,46.29,Medium
41.81,60.17,27.46,121.56,0.703,0.86,9.14,51.76,Medium
31.1,44.54,32.9,65.25,0.071,3.52,2.53,34.28,Low
32.62,8.0,12.64,15.0,0.553,2.98,4.57,26.32,Low
22.25,16.44,12.94,100.55,0.77,5.75,5.21,41.57,Medium
34.18,79.72,26.6,73.81,0.617,2.96,2.61,30.65,Low
31.48,31.07,21.29,75.2,0.833,4.58,6.99,45.67,Medium
20.58,8.0,3.14,183.89,0.573,4.11,6.47,43.98,Medium
30.59,66.7,25.75,26.34,0.75,12.34,6.87,49.21,Medium
30.36,42.27,3.48,112.23,0.552,3.02,5.86,32.28,Low
45.38,64.1,12.55,50.23,0.513,8.17,5.89,23.41,Low
38.15,47.54,35.52,135.87,0.538,5.23,7.17,51.01,Medium
31.09,51.17,40.25,108.43,0.338,10.38,13.4,56.56,Medium
32.99,49.26,9.84,112.07,0.264,14.78,14.03,45.9,Medium
31.35,55.95,18.71,52.48,0.543,5.17,7.55,38.13,Medium
29.38,87.55,22.43,60.55,0.331,1.25,3.43,19.99,Low
22.34,61.42,39.81,136.73,0.718,2.19,5.48,47.42,Medium
29.79,10.39,17.07,174.69,0.838,1.76,6.47,51.91,Medium
25.03,50.93,17.23,116.61,0.228,3.91,7.51,28.65,Low
21.0,64.83,37.49,54.62,0.096,3.46,5.83,21.52,Low
35.09,66.05,18.25,110.25,0.204,6.44,8.41,31.03,Low
34.13,33.47,29.22,204.24,0.433,9.86,6.62,62.27,Medium
16.71,65.3,7.23,99.61,0.777,1.13,2.84,27.55,Low
30.02,60.55,20.29,160.78,0.733,5.52,9.08,55.28,Medium
38.97,93.45,5.4,61.69,0.191,3.09,7.96,12.35,Low
39.47,27.0,11.45,93.11,0.59,5.66,7.63,53.92,Medium
39.21,31.85,30.39,122.88,0.376,3.92,10.05,56.04,Medium
31.31,35.88,21.5,112.88,0.425,8.79,10.54,49.89,Medium
24.24,32.2,18.81,60.51,0.378,2.32,4.81,33.28,Low
22.33,24.2,14.51,58.57,0.494,3.25,2.9,26.45,Low
33.76,8.0,19.79,139.47,0.568,4.92,10.55,47.03,Medium
34.03,33.31,25.01,148.62,0.452,4.24,8.47,47.26,Medium
41.3,49.39,31.83,163.05,0.402,4.89,11.43,60.35,Medium
39.8,32.14,0.0,176.18,0.896,1.41,10.26,55.1,Medium
29.94,80.71,13.68,101.06,0.813,13.38,8.81,43.91,Medium
21.05,42.27,23.59,81.0,0.738,3.7,3.01,33.56,Low
28.45,67.82,21.01,155.79,0.766,2.46,2.0,28.14,Low
32.74,47.23,26.03,127.09,0.467,5.0,9.3,55.39,Medium
29.38,58.53,24.68,50.79,0.361,5.55,8.97,32.93,Low
26.38,47.58,18.95,48.49,0.809,17.16,14.54,55.46,Medium
33.02,69.38,16.73,117.14,0.721,10.9,7.48,41.72,Medium
26.97,43.12,19.54,87.02,0.112,4.17,6.28,34.53,Low
25.98,51.92,33.49,93.81,0.26,15.26,13.62,56.72,Medium
33.49,49.33,14.68,143.26,0.827,13.39,13.99,58.05,Medium
27.78,36.23,21.37,129.16,0.369,2.48,6.17,45.32,Medium
32.95,50.1,23.83,154.84,0.748,19.68,17.47,73.77,High
33.19,86.69,37.6,15.0,0.451,3.75,5.94,25.53,Low
21.88,36.59,19.0,106.4,0.714,6.02,10.57,48.32,Medium
27.15,50.39,31.59,126.26,0.348,12.1,12.84,49.4,Medium
42.5,67.16,34.32,26.3,0.617,1.13,2.0,25.62,Low
21.7,64.81,21.36,65.53,0.155,4.9,10.41,31.0,Low
14.07,42.23,19.89,57.18,0.672,6.68,11.07,41.29,Medium
16.11,8.0,18.71,95.98,0.662,10.64,11.55,59.86,Medium
31.23,52.33,19.44,168.25,0.805,5.36,7.92,55.0,Medium
31.25,8.0,30.54,186.02,0.25,1.15,8.84,57.83,Medium
30.06,71.4,24.31,58.36,0.631,17.07,10.16,36.1,Medium
40.71,45.39,24.35,118.7,0.44,5.5,10.4,44.91,Medium
9.62,61.99,10.75,120.15,0.285,6.86,6.93,27.46,Low
34.17,23.96,12.33,112.44,0.583,1.55,7.67,37.16,Medium
43.49,10.95,43.43,112.95,0.292,13.02,12.11,71.55,High
21.98,47.22,20.22,108.67,0.485,3.79,3.17,24.9,Low
27.96,41.33,14.25,170.94,0.072,3.1,4.62,29.9,Low
24.98,32.17,36.31,144.61,0.708,11.19,13.27,78.31,High
23.85,43.69,24.82,47.29,0.437,1.72,4.51,33.76,Low
28.39,97.35,27.78,130.81,0.394,6.93,6.61,22.52,Low
42.42,58.69,20.62,135.16,0.55,3.02,4.24,45.33,Medium
45.7,62.99,18.81,109.17,0.722,7.5,10.11,61.58,Medium
28.31,58.88,20.3,145.91,0.158,8.88,13.7,58.63,Medium
46.24,71.59,8.17,103.46,0.612,3.69,2.0,32.29,Low
31.28,38.2,21.12,104.02,0.277,12.53,18.52,48.74,Medium
45.03,8.0,24.96,100.46,0.515,5.51,7.81,58.83,Medium
30.25,38.23,40.5,15.0,0.366,17.23,15.79,67.34,Medium
32.05,58.23,22.86,91.38,0.129,11.28,9.68,35.69,Medium
33.92,22.6,0.0,64.93,0.317,5.96,7.57,36.67,Medium
49.0,38.47,21.06,41.61,0.275,5.93,8.04,33.95,Low
37.81,28.16,49.4,159.53,0.616,1.88,2.51,62.04,Medium
25.34,72.04,30.66,117.69,0.313,11.18,8.69,27.17,Low
38.75,56.99,13.89,93.66,0.735,3.42,9.01,38.46,Medium
28.11,55.03,27.91,69.58,0.46,6.42,3.97,34.53,Low
27.08,54.43,14.58,108.33,0.38,17.14,15.38,48.65,Medium
38.27,41.26,8.46,139.61,0.792,12.38,10.5,50.53,Medium
31.25,45.95,18.52,57.79,0.157,2.61,3.16,18.69,Low
33.23,18.3,22.92,94.78,0.536,5.53,12.25,57.09,Medium
31.11,8.0,3.28,134.06,0.242,6.88,5.74,37.17,Medium
33.69,45.0,10.51,15.0,0.489,13.37,9.2,37.42,Medium
34.4,48.48,22.1,92.41,0.68,12.11,10.8,58.41,Medium
15.5,66.19,17.92,75.68,0.472,8.12,6.95,27.72,Low
36.33,73.43,25.95,88.98,0.52,7.6,8.58,48.9,Medium
23.14,73.4,9.85,72.43,0.144,5.46,7.66,12.04,Low
19.46,22.04,29.14,101.19,0.493,6.74,8.63,59.98,Medium
30.53,34.95,10.16,181.56,0.715,4.57,6.43,55.75,Medium
31.67,51.61,38.43,80.42,0.406,9.44,7.91,45.46,Medium
25.45,92.64,4.84,108.13,0.51,7.88,10.33,26.83,Low
37.65,71.6,11.07,184.76,0.449,10.92,10.27,47.74,Medium
20.26,64.39,26.17,70.25,0.782,10.72,9.19,49.67,Medium
27.74,34.24,38.64,176.66,0.134,3.41,9.74,56.66,Medium
26.32,24.34,25.15,95.24,0.661,0.65,4.09,35.73,Medium
30.63,57.78,27.63,175.19,0.823,3.2,8.65,58.68,Medium
33.23,19.99,22.18,128.76,0.396,6.7,11.09,42.0,Medium
22.94,37.23,11.74,108.82,0.46,4.58,9.97,38.31,Medium
36.79,39.7,17.1,92.05,0.43,4.44,8.39,48.83,Medium
31.5,73.86,9.88,66.92,0.663,3.05,5.83,20.14,Low
15.86,34.91,9.21,98.41,0.598,7.36,8.26,30.02,Low
15.33,8.0,26.02,135.38,0.621,1.18,4.1,48.22,Medium
30.9,52.09,10.77,94.41,0.664,8.08,3.43,43.47,Medium
29.23,28.02,25.2,80.75,0.215,8.18,10.7,45.74,Medium
30.17,42.85,8.98,83.71,0.196,10.76,11.07,25.09,Low
30.78,40.27,24.96,139.66,0.736,30.35,24.27,80.82,High
32.8,36.53,17.11,150.13,0.603,0.56,4.04,42.58,Medium
38.58,57.81,36.07,64.98,0.033,7.93,10.42,32.14,Low
22.11,11.34,25.24,64.91,0.521,9.01,5.96,47.17,Medium
21.62,31.66,34.36,112.07,0.259,3.21,3.0,37.62,Medium
22.25,55.68,14.44,163.74,0.134,4.82,2.0,21.26,Low
33.31,29.72,22.56,146.57,0.357,3.83,5.96,54.32,Medium
40.96,9.82,12.19,38.67,0.845,8.28,7.04,55.62,Medium
27.55,55.37,17.86,83.12,0.159,11.54,8.66,39.44,Medium
10.99,64.46,19.38,53.12,0.375,2.11,6.11,25.16,Low
17.37,41.1,14.74,82.96,0.333,7.43,7.39,30.78,Low
24.34,8.0,9.84,167.2,0.541,13.11,8.28,54.91,Medium
26.54,56.12,7.86,30.98,0.091,3.4,12.4,19.05,Low
27.73,8.8,0.0,22.15,0.372,0.41,4.15,25.75,Low
31.31,48.18,11.44,57.72,0.667,2.77,2.95,26.27,Low
28.51,24.25,28.27,107.93,0.352,2.51,3.83,49.24,Medium
39.39,18.8,6.02,122.93,0.72,2.89,5.3,42.09,Medium
25.59,33.16,8.32,114.69,0.491,16.95,13.73,54.4,Medium
24.1,38.33,39.91,147.91,0.405,19.47,18.94,73.42,High
34.83,29.12,15.64,15.66,0.25,14.21,12.33,39.35,Medium
18.71,53.77,25.21,148.48,0.725,4.51,11.34,64.0,Medium
34.12,33.08,28.42,80.96,0.571,14.56,11.66,57.1,Medium
31.82,61.6,28.63,127.92,0.633,0.66,5.46,40.26,Medium
29.82,47.62,6.78,35.45,0.283,2.39,7.99,18.39,Low
43.71,28.05,19.69,95.22,0.145,9.59,12.74,48.72,Medium
26.02,24.68,5.82,105.63,0.328,3.64,9.46,35.03,Medium
47.48,9.05,46.46,147.01,0.4,2.13,4.6,55.78,Medium
29.2,47.81,6.05,23.66,0.423,7.27,8.35,25.06,Low
20.78,34.91,11.52,96.38,0.598,7.39,2.24,37.19,Medium
31.56,8.0,11.59,46.16,0.369,7.9,8.25,45.98,Medium
22.39,31.29,7.03,117.75,0.904,8.52,11.84,54.72,Medium
24.99,23.98,35.53,129.97,0.881,7.02,10.45,67.98,Medium
34.18,73.51,46.22,152.92,0.387,5.16,6.88,46.86,Medium
35.44,8.0,17.24,70.92,0.284,5.87,11.77,44.31,Medium
26.02,13.17,8.8,136.73,0.068,9.68,8.85,34.13,Low
38.9,64.2,0.0,156.24,0.58,6.84,6.31,28.22,Low
40.26,69.14,19.56,21.05,0.377,3.96,5.2,20.76,Low
42.49,27.1,18.84,122.56,0.699,3.17,3.09,52.95,Medium
35.24,29.36,15.49,138.13,0.559,5.84,9.06,48.56,Medium
41.91,54.32,24.21,83.36,0.28,13.07,12.56,46.57,Medium
15.95,8.0,25.95,40.52,0.3,8.6,10.69,41.65,Medium
28.46,8.0,25.23,137.43,0.444,13.52,11.08,69.53,Medium
24.06,36.39,18.84,41.02,0.203,4.45,6.52,21.38,Low
31.95,73.0,10.98,86.97,0.062,6.49,2.45,15.83,Low
26.43,33.29,28.66,93.19,0.775,7.18,9.25,55.36,Medium
29.67,44.02,22.13,127.2,0.781,9.98,10.23,57.92,Medium
46.06,64.68,30.88,66.8,0.239,4.45,3.92,33.25,Low
29.64,84.14,29.9,64.19,0.622,8.59,8.89,40.53,Medium
34.31,30.46,7.78,99.45,0.763,12.59,10.91,59.31,Medium
29.14,41.66,7.66,140.29,0.325,5.37,11.63,40.14,Medium
31.61,78.44,14.44,197.94,0.334,2.85,3.06,39.03,Medium
31.05,11.56,11.44,27.16,0.656,12.87,12.55,53.16,Medium
34.59,62.55,29.55,109.19,0.02,9.12,6.75,24.18,Low
40.32,21.63,25.51,46.11,0.838,1.72,3.63,51.27,Medium
44.18,44.05,32.99,140.85,0.054,5.46,7.97,46.76,Medium
33.48,37.15,25.96,52.77,0.523,17.6,14.03,58.65,Medium
35.72,22.84,24.09,64.64,0.892,8.13,8.86,57.53,Medium
21.79,22.34,34.0,68.48,0.559,5.83,8.33,38.21,Medium
30.3,47.53,26.7,91.57,0.467,2.56,4.3,25.61,Low
38.52,61.91,22.68,109.54,0.452,2.56,7.74,48.09,Medium
37.93,39.41,36.8,116.77,0.139,9.57,8.98,46.14,Medium
32.69,43.4,23.15,94.74,0.729,2.75,5.41,49.63,Medium
38.09,53.42,18.96,35.15,0.611,7.22,9.23,32.22,Low
34.93,22.57,13.62,127.75,0.106,5.36,7.78,32.04,Low
40.6,56.79,29.03,92.62,0.4,6.92,9.76,49.83,Medium
33.31,58.39,34.37,147.28,0.418,5.03,7.81,47.32,Medium
28.15,94.07,21.49,63.15,0.687,7.88,9.9,39.0,Medium
33.69,34.48,35.08,22.9,0.193,10.72,9.62,42.76,Medium
7.56,32.84,2.3,93.47,0.522,5.09,4.38,24.28,Low
34.06,57.38,21.45,153.32,0.651,10.11,6.5,46.61,Medium
5.0,58.38,21.6,102.24,0.237,13.9,8.17,25.44,Low
17.21,31.3,14.73,86.01,0.618,7.18,12.71,54.77,Medium
34.61,33.94,45.84,55.83,0.444,9.41,4.12,58.22,Medium
34.82,52.82,21.34,174.1,0.438,2.13,8.26,39.5,Medium
21.7,25.45,17.92,48.67,0.32,5.17,5.05,23.94,Low
25.3,33.79,22.26,62.36,0.329,1.54,7.89,31.74,Low
41.96,43.79,1.97,120.65,0.87,3.89,2.0,41.54,Medium
27.13,61.92,14.4,15.0,0.544,5.22,6.54,25.1,Low
48.94,29.91,31.83,152.36,0.856,18.57,18.77,93.06,High
30.98,8.0,15.71,123.09,0.608,3.2,7.7,50.72,Medium
34.26,8.0,13.71,135.47,0.531,5.64,6.54,49.82,Medium
43.93,16.81,35.1,120.12,0.67,2.76,2.0,68.74,Medium
32.05,15.74,35.4,87.75,0.76,4.9,3.64,52.23,Medium
22.98,38.91,27.17,47.16,0.808,7.97,12.25,62.64,Medium
30.12,18.22,17.45,88.7,0.511,8.84,8.44,56.34,Medium
30.72,27.94,19.61,51.11,0.759,4.44,6.48,47.52,Medium
20.08,26.52,13.96,116.88,0.321,3.57,6.85,24.24,Low
28.95,33.19,12.05,131.31,0.199,15.07,9.78,44.52,Medium
25.06,68.45,11.56,161.46,0.714,4.19,7.53,37.77,Medium
38.39,55.24,15.82,111.73,0.353,0.8,3.43,29.0,Low
31.28,42.32,11.65,136.61,0.851,12.64,12.32,54.56,Medium
28.74,32.78,6.36,81.63,0.159,1.02,3.17,23.48,Low
30.15,33.34,24.19,73.48,0.179,12.65,7.66,45.73,Medium
32.78,48.55,24.35,116.32,0.401,1.57,3.87,41.64,Medium
35.93,53.68,39.01,77.61,0.192,1.87,6.73,34.59,Low
23.0,23.85,15.32,107.11,0.524,2.33,6.39,33.66,Low
22.67,42.73,24.96,47.25,0.34,3.94,6.44,32.83,Low
39.84,8.0,25.13,55.33,0.172,12.73,13.88,64.41,Medium
27.7,46.23,19.46,123.59,0.037,2.4,4.93,26.2,Low
19.67,57.24,29.44,134.9,0.315,7.95,8.91,44.21,Medium
34.55,36.4,29.75,50.65,0.02,6.81,6.89,31.49,Low
34.71,78.33,25.27,125.18,0.311,6.01,10.0,35.73,Medium
18.75,24.38,19.44,71.03,0.603,11.23,11.47,54.19,Medium
32.84,46.35,18.42,95.74,0.629,6.37,6.43,42.26,Medium
36.88,41.28,8.32,158.76,0.702,6.72,4.31,47.88,Medium
34.0,39.99,13.94,131.34,0.467,9.36,12.38,53.74,Medium
36.06,39.71,15.78,130.81,0.73,4.05,4.57,47.78,Medium
19.77,44.14,10.76,180.9,0.167,5.68,7.59,36.82,Medium
33.65,58.96,26.4,63.33,0.49,7.17,14.18,42.77,Medium
28.58,69.55,33.97,50.64,0.649,10.53,12.32,44.72,Medium
27.14,41.95,12.92,62.5,0.355,5.16,11.13,34.8,Low
37.96,58.31,24.83,83.55,0.628,5.61,6.02,42.34,Medium
42.83,27.96,11.66,15.0,0.577,7.83,11.37,42.14,Medium
45.35,57.32,18.95,85.67,0.39,5.24,7.21,39.05,Medium
41.52,26.76,15.1,70.49,0.083,3.27,6.87,36.22,Medium
30.12,63.81,28.02,130.27,0.7,9.35,14.66,65.72,Medium
33.82,86.21,15.21,110.86,0.738,6.39,7.14,45.52,Medium
37.13,39.56,32.12,67.97,0.425,4.29,6.62,35.96,Medium
31.97,8.0,19.54,121.55,0.72,2.33,3.14,43.1,Medium
32.05,31.04,15.5,127.55,0.279,1.05,6.85,34.6,Low
37.59,66.64,9.47,60.42,0.709,8.1,7.46,37.23,Medium
30.53,53.06,24.53,72.81,0.438,3.2,8.48,35.93,Medium
25.17,46.98,30.95,15.0,0.594,1.48,2.0,26.56,Low
27.68,62.17,24.73,45.92,0.252,2.9,7.11,24.13,Low
36.07,51.69,44.39,61.59,0.334,7.15,6.68,47.59,Medium
31.02,66.35,36.3,98.34,0.135,3.18,7.73,26.54,Low
33.72,60.39,18.92,52.46,0.456,7.25,8.31,47.91,Medium
36.36,72.43,18.82,71.89,0.922,3.74,4.9,39.74,Medium
28.0,49.18,26.7,39.86,0.13,5.65,6.43,32.9,Low
37.05,60.11,13.62,102.7,0.086,6.01,5.48,21.89,Low
34.03,35.86,33.66,114.16,0.841,9.01,11.5,70.06,High
21.12,29.97,25.62,113.11,0.687,9.2,6.9,52.33,Medium
42.54,76.14,24.56,95.56,0.405,5.79,6.8,41.19,Medium
26.99,46.32,28.87,25.65,0.133,2.67,6.46,24.25,Low
17.76,58.1,39.23,67.1,0.303,12.03,15.25,57.81,Medium
22.64,44.47,23.71,76.67,0.357,4.22,6.51,25.04,Low
22.83,30.27,20.87,76.85,0.51,0.5,3.69,38.26,Medium
31.42,42.22,37.09,98.37,0.644,6.96,8.86,56.33,Medium
28.81,70.72,31.68,159.15,0.28,7.16,3.11,30.59,Low
28.31,53.1,18.79,131.54,0.775,4.35,3.61,53.04,Medium
35.96,8.0,22.05,50.56,0.46,1.58,4.01,49.83,Medium
33.72,37.7,23.95,125.53,0.308,1.27,2.98,23.63,Low
33.53,77.65,25.62,123.81,0.28,4.6,2.76,28.96,Low
34.28,37.72,8.43,58.73,0.136,2.45,7.61,28.25,Low
35.93,8.0,6.58,133.2,0.703,10.51,10.95,62.53,Medium
14.14,79.86,13.13,87.78,0.187,4.46,7.03,24.36,Low
28.08,55.65,12.35,31.55,0.416,4.06,4.7,29.47,Low
13.56,40.6,15.56,115.48,0.693,17.35,14.61,59.15,Medium
31.29,34.57,28.35,104.76,0.109,0.6,5.65,45.66,Medium
30.96,63.65,20.31,84.75,0.389,5.62,6.71,37.63,Medium
39.36,31.16,23.96,93.31,0.439,1.08,5.76,39.57,Medium
40.5,64.97,9.76,62.64,0.379,12.85,9.72,33.14,Low
32.62,52.84,17.38,122.46,0.717,1.45,5.11,47.48,Medium
27.0,46.89,27.87,93.04,0.308,7.36,11.27,39.49,Medium
34.88,44.91,27.95,102.49,0.414,6.65,11.07,46.97,Medium
26.78,38.5,14.75,111.07,0.799,1.06,7.96,43.76,Medium
30.99,62.91,23.62,43.04,0.693,7.4,9.15,43.71,Medium
38.89,24.69,43.99,54.76,0.395,3.72,6.31,48.58,Medium
26.54,9.56,21.82,15.0,0.628,8.39,7.91,39.27,Medium
37.45,54.29,15.07,120.41,0.163,3.53,2.0,31.16,Low
36.42,54.62,20.26,40.45,0.463,7.42,5.09,30.76,Low
23.36,51.6,22.92,100.97,0.533,5.22,6.71,49.93,Medium
38.79,50.15,20.49,111.69,0.963,7.4,8.17,58.5,Medium
36.59,35.59,21.69,122.11,0.139,8.29,12.5,53.87,Medium
31.82,57.75,7.57,40.82,0.783,4.81,10.17,40.88,Medium
24.9,41.09,12.37,92.07,0.629,4.23,4.82,42.67,Medium
24.13,32.26,20.51,170.16,0.104,8.14,10.93,48.23,Medium
26.7,35.76,20.35,172.14,0.482,3.77,5.07,45.66,Medium
35.34,82.41,16.34,139.43,0.787,4.88,8.64,50.11,Medium
23.35,8.0,20.23,110.19,0.507,14.47,14.69,76.67,High
34.5,52.0,22.61,49.77,0.777,5.66,10.5,46.32,Medium
21.07,8.42,30.89,127.34,0.549,9.21,8.29,62.9,Medium
29.37,39.84,21.01,87.89,0.441,3.33,8.53,39.78,Medium
31.88,33.33,25.99,120.22,0.055,7.34,3.72,37.45,Medium
49.0,8.0,16.58,66.52,0.655,4.98,10.23,56.86,Medium
19.98,49.78,27.72,87.22,0.578,4.32,6.53,27.62,Low
42.78,34.4,25.76,102.39,0.851,0.98,4.58,50.66,Medium
32.2,8.0,30.66,106.08,0.83,2.48,2.0,60.02,Medium
34.29,58.79,29.13,117.22,0.346,0.84,3.53,29.21,Low
31.95,70.7,27.89,68.94,0.663,18.07,18.23,66.74,Medium
34.56,71.8,21.02,34.55,0.447,5.17,6.04,28.8,Low
29.77,49.18,24.45,168.12,0.362,5.69,9.2,46.01,Medium
42.63,42.92,32.64,207.02,0.519,10.32,10.28,72.28,High
27.35,68.56,15.48,115.13,0.484,6.87,10.78,42.66,Medium
40.06,75.65,15.72,35.42,0.321,4.3,7.06,26.12,Low
25.85,64.67,23.81,60.21,0.61,4.33,4.27,37.31,Medium
30.52,23.17,26.15,117.91,0.557,2.31,5.53,48.46,Medium
22.42,46.03,13.76,155.35,0.827,7.77,12.66,47.37,Medium
34.64,50.79,21.25,40.42,0.502,7.96,10.02,38.9,Medium
42.56,8.0,21.06,89.41,0.205,5.74,7.15,35.0,Low
30.38,51.39,0.0,103.82,0.628,5.07,12.68,43.74,Medium
29.42,87.46,19.8,133.91,0.568,8.01,11.7,47.76,Medium
22.08,54.8,20.43,79.54,0.333,2.26,7.4,34.0,Low
29.17,71.47,20.4,24.63,0.45,7.13,9.07,32.84,Low
18.26,45.66,36.16,122.95,0.211,14.98,14.82,60.31,Medium
23.7,40.54,9.84,145.62,0.397,3.41,7.95,27.86,Low
32.81,49.63,13.75,91.28,0.341,4.72,2.0,25.74,Low
41.55,25.68,0.0,113.24,0.377,12.49,12.48,40.52,Medium
49.0,22.72,17.19,73.65,0.636,5.74,7.04,48.57,Medium
26.31,67.33,18.04,56.94,0.84,9.7,8.57,51.44,Medium
42.48,69.45,16.9,141.19,0.202,7.42,7.96,42.17,Medium
32.95,22.18,33.08,112.44,0.785,7.85,4.82,62.71,Medium
29.79,61.36,30.61,117.07,0.218,3.26,2.0,27.89,Low
34.46,40.26,22.78,162.6,0.655,3.17,9.02,48.82,Medium
31.5,48.8,18.29,47.53,0.063,8.85,10.47,31.44,Low
31.88,51.2,32.26,70.16,0.375,1.71,2.0,37.12,Medium
27.73,61.89,21.8,102.11,0.055,4.88,5.49,26.49,Low
19.82,43.65,13.82,69.61,0.74,8.01,11.01,35.9,Medium
18.65,70.2,4.84,130.24,0.356,4.7,6.12,23.2,Low
36.23,48.19,17.59,86.57,0.48,5.11,10.18,31.78,Low
28.79,54.48,29.55,50.34,0.543,10.02,12.63,53.03,Medium
26.23,25.33,44.77,97.96,0.187,13.48,8.69,50.6,Medium
31.07,85.17,22.62,102.67,0.218,22.7,17.26,43.35,Medium
37.36,51.4,14.35,137.06,0.734,12.73,10.52,60.95,Medium
32.44,56.26,10.15,112.69,0.623,3.99,2.92,35.55,Medium
25.75,9.84,27.52,115.75,0.66,2.82,2.06,49.27,Medium
40.81,25.55,4.35,109.41,0.78,4.04,4.41,56.29,Medium
43.63,66.76,27.5,86.53,0.375,8.1,7.26,44.17,Medium
34.96,47.74,30.18,62.77,0.414,4.36,7.32,36.52,Medium
38.79,8.0,26.36,108.0,0.913,3.36,8.63,67.98,Medium
40.94,62.77,19.8,80.01,0.497,14.54,14.01,50.37,Medium
40.04,31.12,27.65,171.04,0.726,4.25,8.43,69.47,Medium
35.91,70.23,23.71,155.4,0.319,7.68,7.94,42.97,Medium
35.79,40.24,14.22,123.48,0.421,7.54,10.03,47.81,Medium
35.16,46.09,40.5,112.03,0.286,1.0,4.23,32.66,Low
22.22,65.58,18.48,91.04,0.569,13.98,11.28,44.93,Medium
36.61,24.05,29.76,38.25,0.294,2.14,10.03,41.97,Medium
20.15,22.14,0.0,85.27,0.612,1.55,2.0,20.92,Low
24.64,38.07,34.76,99.56,0.346,3.89,2.0,35.14,Medium
41.43,58.54,36.69,105.33,0.482,2.86,6.67,48.54,Medium
37.72,15.38,22.3,116.13,0.545,12.57,10.88,61.94,Medium
42.9,8.64,27.59,136.46,0.258,6.79,4.48,43.01,Medium
28.83,58.47,27.59,63.85,0.625,3.62,3.53,33.44,Low
21.78,29.94,15.57,64.26,0.171,1.5,2.59,17.9,Low
29.08,34.16,27.47,160.29,0.165,7.35,10.64,49.98,Medium
31.82,8.0,13.91,129.69,0.682,4.55,9.76,56.59,Medium
31.63,28.42,15.91,77.42,0.557,8.05,12.93,48.59,Medium
40.07,41.85,33.27,90.18,0.762,6.82,4.12,50.3,Medium
28.11,60.61,31.75,90.38,0.845,2.93,2.34,42.33,Medium
33.82,26.58,14.94,96.42,0.723,8.76,5.66,54.16,Medium
23.09,75.15,14.66,116.27,0.436,1.93,8.38,30.3,Low
34.6,28.31,15.54,209.07,0.658,4.4,7.69,64.97,Medium
31.02,28.34,29.33,103.54,0.318,4.86,7.12,50.54,Medium
25.0,72.75,12.0,124.82,0.71,5.36,7.79,45.73,Medium
29.11,46.23,25.57,19.11,0.803,1.82,4.95,45.12,Medium
29.53,30.96,29.47,73.18,0.35,12.16,8.49,56.41,Medium
28.84,38.9,21.12,150.3,0.49,2.93,7.04,38.32,Medium
45.17,69.06,32.1,113.1,0.814,1.18,4.24,51.03,Medium
30.21,71.32,18.96,15.0,0.553,6.97,5.18,33.37,Low
29.05,25.66,19.86,125.33,0.585,17.91,16.18,75.48,High
14.22,41.15,12.23,181.32,0.597,1.0,3.53,31.72,Low
23.85,43.8,32.17,15.0,0.496,2.46,6.04,37.25,Medium
28.9,22.28,14.33,163.37,0.681,10.1,9.75,59.37,Medium
25.51,40.89,25.5,15.0,0.71,5.64,9.61,53.38,Medium
42.05,42.11,21.29,137.21,0.085,1.89,5.68,26.9,Low
29.68,64.8,11.47,94.61,0.346,4.83,4.69,20.58,Low
41.31,66.15,15.91,15.0,0.196,15.19,13.92,26.84,Low
31.49,35.42,35.83,115.08,0.354,13.02,12.7,60.5,Medium
31.3,37.72,24.02,146.79,0.059,25.42,20.53,79.52,High
30.29,55.29,11.91,111.37,0.289,9.03,12.01,38.67,Medium
31.03,30.3,25.05,121.32,0.378,3.8,4.74,42.01,Medium
44.75,53.77,20.54,76.47,0.532,9.98,11.66,53.09,Medium
12.44,40.24,56.54,15.0,0.565,3.19,2.0,38.83,Medium
14.99,22.61,24.85,126.13,0.238,5.14,6.78,40.96,Medium
26.65,22.86,18.19,173.74,0.793,3.21,5.24,55.81,Medium
31.12,70.94,36.2,145.83,0.795,9.0,13.02,58.42,Medium
36.52,38.87,3.59,15.0,0.876,8.47,8.69,41.08,Medium
34.78,74.81,22.94,26.83,0.83,3.44,7.58,41.35,Medium
27.93,31.73,41.94,56.93,0.426,11.53,6.51,55.49,Medium
39.15,47.82,20.84,23.32,0.423,13.96,11.49,52.07,Medium
39.24,89.85,4.67,96.99,0.17,3.83,4.18,15.49,Low
32.47,20.85,18.04,112.7,0.683,7.45,14.66,63.55,Medium
38.7,8.0,36.55,30.64,0.469,14.51,11.04,66.35,Medium
33.18,67.73,25.76,129.97,0.92,7.0,8.38,51.09,Medium
26.51,25.46,13.61,122.05,0.274,4.41,6.96,33.24,Low
36.58,41.59,15.15,70.33,0.482,5.29,3.2,32.4,Low
31.88,30.28,16.4,87.24,0.363,3.79,4.96,27.62,Low
31.01,47.36,25.61,15.0,0.509,11.76,12.07,47.73,Medium
42.78,22.99,35.38,80.05,0.832,10.83,10.71,75.69,High
11.39,38.4,32.52,95.33,0.245,20.13,10.33,45.41,Medium
19.66,51.0,26.56,102.59,0.339,3.13,4.46,33.37,Low
21.5,21.83,8.68,112.05,0.469,3.61,8.72,35.81,Medium
28.09,28.0,8.72,105.99,0.578,1.58,6.42,32.18,Low
28.96,35.05,27.33,83.1,0.382,8.14,11.93,60.27,Medium
18.94,13.42,8.55,107.88,0.56,2.19,2.85,28.69,Low
23.12,33.55,19.74,140.09,0.377,19.48,18.89,57.94,Medium
24.11,44.38,25.04,90.7,0.716,2.86,5.6,43.37,Medium
49.0,34.01,10.62,109.29,0.147,0.93,8.54,36.71,Medium
45.41,36.57,11.76,86.62,0.052,2.12,5.28,30.4,Low
27.71,41.6,21.06,65.9,0.345,6.85,2.99,41.35,Medium
28.09,28.89,27.04,118.53,0.487,5.24,9.27,46.29,Medium
21.81,55.82,32.62,70.01,0.188,2.81,4.57,23.44,Low
15.73,70.72,28.07,112.38,0.702,5.05,6.09,47.87,Medium
30.06,32.71,22.74,96.27,0.729,3.5,2.47,48.02,Medium
23.02,51.7,14.54,81.32,0.169,8.01,12.86,38.03,Medium
30.32,37.21,11.29,80.23,0.584,2.27,4.06,29.73,Low
18.2,49.31,16.89,72.13,0.252,6.18,11.64,38.58,Medium
24.9,73.32,26.1,20.94,0.583,6.36,6.74,35.1,Medium
32.19,52.17,25.37,112.23,0.138,5.36,4.9,32.76,Low
33.93,8.0,1.0,105.42,0.268,7.37,11.72,39.75,Medium
34.34,51.08,14.14,133.24,0.213,5.01,6.82,33.88,Low
20.44,66.66,34.05,71.08,0.465,8.94,9.2,49.87,Medium
37.84,37.57,22.79,180.29,0.27,5.35,4.01,37.56,Medium
24.6,61.91,7.83,77.91,0.57,12.1,10.12,33.09,Low
36.06,28.2,45.56,55.62,0.599,6.16,8.76,54.85,Medium
30.91,12.29,21.71,50.28,0.848,11.61,7.72,55.14,Medium
19.99,44.82,25.84,16.97,0.349,3.55,4.78,25.23,Low
28.47,8.0,26.0,163.97,0.758,2.5,4.45,63.1,Medium
33.92,37.2,18.32,156.7,0.729,8.89,9.5,60.87,Medium
35.9,67.74,14.72,122.03,0.128,5.43,10.95,32.85,Low
29.87,8.0,43.22,54.68,0.379,0.62,3.62,46.33,Medium
43.25,16.41,32.03,176.51,0.748,3.07,4.12,67.13,Medium
39.06,21.36,30.22,79.17,0.628,6.87,14.99,55.23,Medium
28.95,40.73,27.76,82.89,0.374,5.09,5.97,44.43,Medium
37.0,34.69,11.97,159.68,0.136,2.96,5.3,29.5,Low
46.47,69.98,34.78,124.65,0.458,5.39,6.34,44.15,Medium
46.68,61.09,13.57,194.05,0.164,6.05,6.94,41.26,Medium
21.18,51.91,24.83,106.19,0.701,1.19,4.91,38.32,Medium
23.59,44.91,5.61,77.13,0.579,11.4,13.14,45.95,Medium
42.88,49.86,1.59,67.47,0.429,13.11,12.87,42.86,Medium
22.53,24.76,25.18,15.0,0.515,3.06,8.53,36.55,Medium
20.42,59.14,13.91,82.46,0.195,17.52,17.12,51.4,Medium
27.11,19.76,2.11,146.51,0.649,5.12,7.6,49.3,Medium
34.36,58.71,27.41,121.95,0.345,3.35,6.95,40.48,Medium
30.18,65.72,43.2,95.91,0.726,3.27,8.73,55.9,Medium
25.8,46.22,35.9,50.23,0.451,16.78,11.29,49.13,Medium
25.61,38.48,19.43,105.21,0.512,2.31,11.63,56.62,Medium
25.3,50.01,22.09,140.58,0.837,6.14,6.4,44.46,Medium
23.96,8.0,30.88,114.38,0.086,6.67,7.13,44.72,Medium
49.0,48.05,33.22,102.5,0.129,8.93,6.33,42.24,Medium
33.38,39.73,18.56,59.14,0.2,5.79,4.52,26.49,Low
38.09,40.99,22.34,134.02,0.103,16.01,16.04,53.39,Medium
27.09,56.13,25.01,15.0,0.321,17.96,20.45,47.52,Medium
29.51,40.5,27.54,112.23,0.061,13.71,10.81,51.72,Medium
25.29,19.2,20.67,210.66,0.184,7.14,9.15,44.52,Medium
9.79,39.17,20.8,27.12,0.696,10.19,10.66,47.46,Medium
19.98,43.35,35.8,84.14,0.203,4.36,9.12,41.94,Medium
16.52,44.3,34.1,94.64,0.637,11.68,16.55,59.38,Medium
13.0,45.24,26.77,74.18,0.877,3.5,9.91,50.55,Medium
21.44,62.79,39.19,141.64,0.443,2.65,4.99,40.06,Medium
41.6,20.28,18.14,116.26,0.117,2.59,6.88,32.5,Low
30.64,45.51,38.23,101.85,0.589,8.15,10.46,50.92,Medium
41.32,67.8,27.43,130.88,0.194,14.77,12.81,54.0,Medium
34.29,8.0,54.71,95.75,0.361,15.53,10.58,75.85,High
37.26,45.59,10.08,238.09,0.85,0.68,2.41,51.43,Medium
23.79,30.29,15.11,101.81,0.18,10.6,13.23,40.9,Medium
35.19,34.59,26.19,103.79,0.451,2.5,8.63,45.13,Medium
36.83,23.9,25.97,18.03,0.376,22.48,16.97,60.56,Medium
26.39,38.61,41.5,70.54,0.446,1.85,5.76,33.15,Low
35.48,78.83,15.32,146.63,0.262,1.21,7.72,29.36,Low
35.53,16.71,31.05,34.9,0.708,10.75,6.19,57.66,Medium
26.6,18.61,33.62,15.0,0.52,4.16,5.38,41.84,Medium
22.02,15.96,29.05,96.45,0.592,3.98,11.43,64.64,Medium
21.53,76.55,12.39,156.68,0.101,3.02,6.56,15.61,Low
31.69,32.75,36.08,96.91,0.021,3.45,3.25,29.62,Low
33.62,41.49,34.29,79.87,0.637,11.06,10.93,59.22,Medium
24.66,33.94,28.0,15.0,0.502,2.58,8.1,38.18,Medium
31.21,23.11,24.04,115.35,0.111,4.98,2.0,22.69,Low
35.56,37.3,24.26,124.76,0.669,2.36,5.85,51.83,Medium
35.95,91.16,21.21,15.0,0.666,5.97,6.65,30.11,Low
43.42,69.84,28.41,146.05,0.281,3.92,2.25,23.05,Low
41.22,24.94,22.31,129.46,0.705,7.68,8.81,59.58,Medium
22.99,54.95,13.51,145.95,0.749,8.38,8.69,42.96,Medium
44.47,25.37,11.51,121.26,0.33,14.93,12.9,53.56,Medium
26.75,8.0,14.48,124.42,0.735,21.56,16.06,67.0,Medium
39.36,62.39,24.22,118.43,0.472,3.28,3.41,38.7,Medium
31.54,65.2,21.73,134.08,0.659,9.05,5.79,54.68,Medium
27.7,62.92,24.15,15.0,0.81,3.87,4.6,35.07,Medium
16.54,32.6,27.01,27.45,0.185,8.21,11.08,23.27,Low
29.63,38.66,15.73,61.88,0.236,7.97,9.37,36.1,Medium
18.52,57.0,36.66,89.16,0.871,7.8,8.51,52.29,Medium
38.74,49.83,19.32,112.47,0.418,9.52,7.11,37.4,Medium
43.13,34.13,17.67,109.61,0.544,6.25,6.81,49.62,Medium
24.62,9.62,26.82,145.27,0.464,4.17,8.35,58.64,Medium
33.42,44.28,3.63,146.68,0.212,6.02,8.87,30.43,Low
25.2,63.58,14.09,55.74,0.624,20.54,15.13,41.86,Medium
25.97,18.05,31.81,105.74,0.562,3.58,2.0,34.28,Low
37.2,54.78,4.63,56.85,0.457,4.43,4.97,21.72,Low
30.69,48.63,33.18,86.53,0.159,3.08,4.64,31.15,Low
44.92,57.0,37.11,109.48,0.199,0.99,2.33,31.96,Low
27.14,59.44,18.31,15.0,0.336,5.32,6.16,19.27,Low
38.99,28.11,24.92,203.51,0.815,8.6,11.2,75.98,High
31.78,9.66,33.19,120.49,0.805,2.68,5.51,62.77,Medium
37.37,31.33,17.33,68.19,0.449,13.46,14.55,55.59,Medium
27.42,59.78,30.68,181.73,0.137,7.52,4.74,43.03,Medium
30.6,31.16,15.29,79.37,0.433,11.13,9.91,41.64,Medium
30.08,28.12,17.22,100.96,0.439,7.03,3.37,32.21,Low
24.31,8.0,14.01,73.08,0.635,4.96,5.91,40.61,Medium
36.3,77.05,25.43,169.34,0.68,4.25,3.94,40.46,Medium
36.2,58.51,33.58,90.28,0.26,6.83,11.3,33.45,Low
35.75,57.4,20.16,101.73,0.161,7.26,9.38,32.45,Low
43.3,61.35,9.29,149.17,0.687,3.79,8.81,51.84,Medium
42.59,53.53,11.17,121.33,0.589,4.87,5.85,44.82,Medium
28.0,37.11,25.95,92.55,0.654,18.04,12.28,64.74,Medium
33.98,38.72,40.44,144.97,0.084,6.1,5.03,44.99,Medium
26.01,33.45,25.94,209.23,0.349,6.55,8.59,61.33,Medium
31.19,94.69,18.13,109.28,0.218,15.29,17.7,36.48,Medium
26.2,53.12,29.66,100.25,0.301,7.33,9.43,36.02,Medium
43.96,32.72,19.61,102.68,0.233,5.56,6.4,46.23,Medium
33.91,51.31,18.22,153.97,0.533,10.92,10.08,52.4,Medium
29.26,21.78,12.42,68.04,0.074,9.34,9.52,30.69,Low
40.55,72.09,36.08,82.48,0.633,6.67,13.07,57.39,Medium
13.64,28.78,0.0,25.82,0.395,7.07,11.33,25.06,Low
14.89,52.02,29.98,41.73,0.315,4.53,7.37,24.7,Low
37.37,63.32,17.36,71.7,0.814,2.21,5.6,33.74,Low
31.48,49.7,17.9,92.48,0.276,8.45,9.82,39.92,Medium
33.0,43.89,38.92,174.61,0.354,1.51,6.14,50.79,Medium
20.39,42.22,14.86,119.12,0.329,2.3,4.34,36.78,Medium
30.81,40.87,15.2,53.96,0.962,4.82,4.78,41.71,Medium
47.03,30.47,20.7,62.24,0.304,4.47,9.26,40.99,Medium
37.59,33.01,26.14,156.86,0.54,9.07,9.5,67.3,Medium
32.36,71.59,17.58,145.7,0.236,10.68,12.78,47.7,Medium
27.49,39.83,6.26,96.27,0.257,19.68,19.92,54.07,Medium
27.84,26.28,13.34,75.09,0.119,1.29,6.08,17.17,Low
13.97,31.67,34.81,145.62,0.237,7.78,9.56,43.46,Medium
33.06,64.01,22.75,50.3,0.107,7.56,16.54,31.46,Low
37.76,55.51,26.51,112.64,0.335,6.92,8.67,43.58,Medium
18.4,53.21,19.39,197.27,0.069,8.44,6.34,31.88,Low
25.71,36.85,15.41,104.24,0.474,9.67,9.1,52.8,Medium
21.74,53.47,38.78,60.1,0.828,13.73,16.12,56.69,Medium
23.28,29.13,20.12,113.47,0.506,7.07,5.0,35.73,Medium
31.43,36.81,17.57,73.85,0.143,16.46,11.99,45.12,Medium
14.32,61.4,32.96,32.26,0.395,7.1,11.03,38.43,Medium
35.91,59.49,14.78,126.55,0.185,4.01,5.73,14.71,Low
37.03,22.36,16.05,145.3,0.174,6.66,7.72,33.97,Low
28.99,24.89,22.1,81.01,0.593,2.88,8.41,44.63,Medium
11.15,44.17,22.0,78.02,0.24,3.0,4.01,30.3,Low
23.03,76.52,24.6,51.73,0.34,5.13,3.4,31.31,Low
40.86,8.0,42.92,88.25,0.861,4.6,3.29,62.27,Medium
8.78,47.57,25.36,69.69,0.079,13.49,13.55,35.64,Medium
28.22,14.48,0.0,49.5,0.722,5.08,7.7,34.44,Low
21.56,29.31,25.26,180.15,0.576,2.55,3.8,50.69,Medium
37.44,34.71,22.38,115.99,0.746,5.82,4.59,58.95,Medium
25.6,33.59,22.43,120.76,0.492,7.05,7.56,53.11,Medium
34.23,31.32,24.46,134.75,0.858,6.27,10.55,63.0,Medium
35.52,42.14,21.71,129.7,0.234,2.44,3.37,28.77,Low
45.69,31.29,21.47,76.41,0.668,14.44,11.01,61.13,Medium
29.38,12.75,28.13,107.26,0.45,1.15,2.0,49.29,Medium
34.01,57.6,16.58,82.89,0.02,6.2,6.8,22.25,Low
19.12,57.06,12.52,114.73,0.231,2.37,6.27,13.38,Low
40.52,58.86,52.24,110.38,0.531,11.34,16.09,69.29,Medium
24.92,11.19,14.84,77.78,0.774,7.8,9.22,51.37,Medium
26.51,47.98,23.0,35.18,0.917,7.05,8.1,36.69,Medium
30.82,55.52,7.04,101.58,0.632,4.8,9.04,39.14,Medium
18.5,21.38,23.16,85.81,0.497,13.63,13.92,58.89,Medium
32.83,42.18,12.67,15.0,0.148,4.79,5.43,30.38,Low
38.74,39.67,17.58,117.84,0.073,17.4,20.19,50.6,Medium
33.34,78.84,32.45,138.44,0.529,2.93,5.7,44.51,Medium
18.29,80.49,26.72,208.78,0.435,5.84,8.1,47.49,Medium
30.01,8.71,27.68,77.4,0.442,9.49,11.07,58.84,Medium
36.94,91.88,4.29,70.76,0.595,8.17,9.77,24.2,Low
15.98,23.7,40.37,45.08,0.68,5.52,11.12,48.88,Medium
22.4,61.61,10.08,104.39,0.069,1.31,3.31,13.66,Low
38.01,61.41,37.29,104.1,0.534,6.5,9.86,52.65,Medium
33.16,22.09,32.22,58.49,0.702,4.37,7.03,49.23,Medium
34.3,51.87,27.77,87.13,0.162,3.61,8.62,42.21,Medium
45.88,39.85,13.45,15.0,0.038,9.87,9.38,27.86,Low
34.75,53.09,23.52,136.69,0.627,1.05,3.76,30.76,Low
36.26,46.61,17.29,60.32,0.731,5.67,9.23,44.18,Medium
49.0,65.93,22.29,93.44,0.382,0.36,5.11,35.84,Medium
29.29,43.51,19.5,30.8,0.327,8.21,6.88,33.5,Low
24.62,38.64,1.61,68.79,0.584,9.94,13.33,43.62,Medium
34.42,63.92,33.22,82.42,0.337,6.44,9.69,50.07,Medium
34.51,53.61,21.19,94.49,0.425,4.06,6.25,30.12,Low
26.79,56.64,17.15,116.59,0.077,13.5,10.93,34.67,Low
22.74,28.71,16.4,159.76,0.201,14.09,13.37,60.32,Medium
49.0,21.09,25.58,127.97,0.689,7.31,10.04,54.62,Medium
33.61,30.65,13.06,138.3,0.401,15.47,9.3,51.54,Medium
25.14,29.58,0.0,160.07,0.668,2.93,6.69,47.65,Medium
38.33,57.72,26.07,120.64,0.381,5.27,8.79,50.42,Medium
30.13,61.52,27.19,93.35,0.151,0.59,2.0,25.57,Low
28.98,38.9,20.0,140.41,0.378,2.23,5.83,42.48,Medium
35.5,70.62,10.52,143.29,0.529,2.06,6.97,28.71,Low
20.66,69.37,22.89,124.19,0.527,8.18,10.36,49.94,Medium
33.82,46.87,7.35,29.54,0.916,2.37,7.43,30.96,Low
46.3,25.56,11.73,57.13,0.861,0.98,3.77,37.31,Medium
34.73,73.51,14.49,82.63,0.769,3.39,3.43,34.42,Low
27.99,40.78,30.44,130.08,0.797,3.74,2.0,45.52,Medium
26.94,44.52,18.37,94.04,0.834,1.86,7.85,46.25,Medium
27.72,35.21,17.52,146.16,0.77,6.09,9.41,57.14,Medium
28.97,24.2,41.55,154.19,0.32,6.9,11.06,70.57,High
27.98,12.63,25.52,148.96,0.337,1.46,3.07,45.04,Medium
38.33,54.66,25.39,149.25,0.523,9.05,11.44,52.33,Medium
17.13,26.33,18.3,48.34,0.565,2.76,2.0,33.06,Low
37.9,98.0,16.04,116.72,0.761,3.69,4.04,27.72,Low
27.96,20.28,0.14,67.66,0.502,7.84,9.02,42.5,Medium
34.02,16.85,31.69,20.79,0.372,3.72,7.89,43.1,Medium
21.98,52.2,26.48,82.06,0.241,2.26,9.55,34.9,Low
41.63,72.59,20.21,154.61,0.504,5.84,6.9,33.08,Low
40.97,43.29,20.63,115.73,0.279,11.43,8.69,33.83,Low
38.68,53.44,29.36,185.8,0.303,10.52,8.02,44.49,Medium
18.88,8.0,6.45,102.98,0.383,3.45,4.35,41.95,Medium
37.63,28.45,16.1,205.15,0.234,2.6,11.11,44.32,Medium
34.24,20.53,10.64,102.99,0.343,3.06,7.73,42.65,Medium
18.16,8.0,39.72,96.01,0.456,10.59,13.14,59.91,Medium
30.81,44.34,30.76,37.43,0.314,3.02,5.21,30.51,Low
33.92,8.0,0.0,144.98,0.819,14.98,12.99,65.52,Medium
35.45,15.56,6.86,72.4,0.655,7.77,10.41,58.41,Medium
32.42,31.26,20.68,65.88,0.552,5.36,5.95,44.52,Medium
33.33,25.37,17.28,152.66,0.48,3.4,5.31,47.48,Medium
42.79,49.93,8.76,147.12,0.159,5.89,5.85,39.98,Medium
40.81,48.11,41.45,145.94,0.538,2.25,4.23,48.59,Medium
8.06,59.88,25.13,78.7,0.727,1.51,5.03,37.81,Medium
28.46,57.05,26.75,92.71,0.232,7.83,6.64,39.39,Medium
29.68,64.82,15.08,92.31,0.169,5.34,7.92,31.07,Low
16.98,41.96,29.22,130.21,0.368,9.27,10.28,46.74,Medium
31.75,48.07,18.2,164.91,0.225,6.74,7.6,37.84,Medium
40.99,52.23,19.17,111.57,0.588,3.36,3.95,34.91,Low
22.31,44.83,28.11,183.87,0.396,10.51,10.57,50.16,Medium
33.69,34.06,5.71,135.37,0.639,3.68,4.95,35.32,Medium
23.67,35.35,37.97,84.43,0.052,12.5,11.62,48.87,Medium
25.62,25.65,23.82,132.29,0.785,3.59,8.9,54.75,Medium
42.82,50.43,34.81,171.77,0.5,1.75,2.0,49.92,Medium
26.66,40.12,11.25,184.92,0.463,13.99,17.83,64.63,Medium
34.7,28.74,12.77,148.41,0.64,3.49,5.92,41.4,Medium
16.03,28.76,10.38,96.16,0.176,3.69,7.24,20.81,Low
45.9,17.79,24.5,85.25,0.615,1.82,3.21,46.17,Medium
35.82,61.58,22.66,120.92,0.44,5.03,9.87,38.97,Medium
29.54,43.57,17.36,170.33,0.535,2.04,4.91,37.02,Medium
35.6,24.74,11.86,114.52,0.273,13.46,11.09,58.1,Medium
19.72,58.17,9.33,115.45,0.292,4.13,5.04,14.62,Low
40.46,30.79,21.52,97.31,0.14,2.64,4.91,45.09,Medium
28.41,13.87,17.34,80.24,0.368,5.69,8.46,44.2,Medium
29.37,62.42,15.14,87.7,0.104,21.24,17.18,51.54,Medium
27.07,31.26,37.47,101.09,0.683,5.87,7.42,60.55,Medium
26.35,33.82,21.18,172.31,0.274,4.58,4.97,43.89,Medium
36.56,42.82,34.7,84.21,0.682,5.59,5.43,59.67,Medium
33.05,64.85,16.67,97.37,0.485,9.59,8.6,33.49,Low
36.21,42.4,24.45,56.06,0.729,9.01,10.56,52.01,Medium
30.93,18.02,21.45,127.25,0.123,6.6,9.62,39.89,Medium
35.11,52.88,5.02,156.5,0.444,10.8,12.47,37.85,Medium
27.65,32.3,36.28,168.1,0.288,5.82,7.49,48.13,Medium
48.84,79.76,20.65,104.15,0.43,4.86,7.88,48.03,Medium
18.46,41.98,29.46,120.85,0.35,5.73,7.01,39.65,Medium
41.09,8.0,14.48,88.09,0.452,3.61,2.0,50.69,Medium
41.94,49.15,20.35,118.76,0.309,9.73,9.3,57.14,Medium
24.18,80.89,13.33,109.13,0.465,3.47,5.15,40.87,Medium
48.83,73.52,34.36,97.62,0.847,0.85,2.0,55.51,Medium
38.96,78.62,25.11,101.2,0.518,1.5,3.48,44.57,Medium
38.77,21.6,25.67,115.34,0.616,7.08,8.58,59.5,Medium
31.22,60.24,35.58,81.76,0.239,3.03,2.99,31.42,Low
29.26,27.56,33.56,84.09,0.712,9.15,7.72,58.73,Medium
29.32,46.49,29.65,171.83,0.59,5.38,11.1,57.78,Medium
34.12,16.54,7.78,216.97,0.71,9.68,5.8,60.05,Medium
42.21,29.11,15.04,40.8,0.594,0.94,4.11,39.79,Medium
32.45,28.48,11.96,38.32,0.245,3.45,3.15,20.99,Low
23.71,59.97,29.28,51.93,0.44,2.57,3.66,20.33,Low
37.6,58.01,23.71,90.35,0.611,23.92,17.86,70.21,High
38.37,47.54,8.09,135.31,0.55,3.92,3.88,32.69,Low
36.24,14.99,20.11,121.61,0.835,1.48,6.32,52.19,Medium
36.96,35.77,7.06,102.74,0.226,6.98,11.57,37.97,Medium
28.83,27.08,21.47,118.8,0.301,2.38,7.53,38.22,Medium
23.57,59.39,5.45,63.86,0.126,10.35,12.77,32.93,Low
24.05,65.56,27.29,84.01,0.506,11.52,7.46,39.81,Medium
17.92,63.13,25.78,94.1,0.131,2.59,4.94,28.35,Low
32.9,26.9,41.08,23.71,0.295,3.1,7.03,42.58,Medium
30.33,8.0,30.48,42.74,0.594,6.53,10.1,54.42,Medium
27.48,8.0,17.77,44.53,0.263,10.56,14.72,49.64,Medium
7.36,70.43,30.18,129.38,0.126,7.07,10.92,25.41,Low
21.02,33.97,8.02,106.04,0.313,3.92,8.6,33.81,Low
39.97,26.99,12.38,122.5,0.677,1.76,11.64,57.87,Medium
25.68,74.85,25.33,15.0,0.262,15.86,13.76,42.04,Medium
33.88,67.3,0.42,28.24,0.392,7.19,7.59,13.17,Low
19.87,42.49,21.63,124.84,0.295,18.05,15.27,45.97,Medium
42.51,36.13,11.8,15.0,0.784,7.91,6.46,39.37,Medium
29.85,39.36,23.01,150.11,0.547,16.55,14.1,71.97,High
33.32,46.54,11.22,15.0,0.829,2.88,2.0,30.88,Low
49.0,74.0,26.24,132.95,0.643,3.06,4.51,39.78,Medium
43.13,50.45,22.19,55.01,0.247,4.73,6.55,24.78,Low
28.55,56.52,36.0,142.2,0.3,2.69,7.99,39.32,Medium
26.25,65.39,22.07,239.37,0.942,1.26,7.53,52.77,Medium
28.4,18.61,14.31,15.0,0.472,3.32,3.58,34.58,Low
35.08,57.1,19.53,126.29,0.562,7.84,13.89,58.23,Medium
30.16,36.11,8.56,15.0,0.753,1.96,5.55,25.94,Low
27.84,8.0,26.06,114.2,0.816,2.16,5.9,60.24,Medium
42.74,8.0,27.9,85.7,0.336,3.49,2.05,46.85,Medium
30.09,21.64,46.69,100.84,0.411,2.44,3.92,43.43,Medium
49.0,52.62,15.78,53.97,0.618,3.65,8.81,41.42,Medium
31.73,44.28,19.32,130.12,0.124,4.99,7.42,36.55,Medium
45.28,45.69,16.24,29.82,0.413,2.08,5.52,31.41,Low
33.86,81.02,24.12,150.87,0.438,3.56,6.7,27.55,Low
38.7,16.62,25.82,76.58,0.592,5.33,3.59,48.38,Medium
25.2,41.45,21.47,31.88,0.444,2.78,5.43,32.94,Low
24.17,48.09,32.86,166.77,0.624,1.76,8.58,61.09,Medium
34.68,27.27,15.83,91.97,0.553,2.95,8.49,40.8,Medium
38.91,42.57,31.86,180.84,0.792,4.1,6.15,58.19,Medium
31.32,10.0,27.38,149.96,0.224,1.2,8.63,47.74,Medium
20.71,70.2,21.88,59.08,0.328,7.92,5.6,26.86,Low
20.12,28.37,18.85,91.18,0.517,4.27,4.13,36.75,Medium
19.58,82.63,46.27,100.45,0.763,2.97,10.44,53.26,Medium
16.86,41.35,13.83,163.68,0.071,1.39,6.28,20.53,Low
31.88,62.56,24.98,114.69,0.547,7.24,7.62,45.87,Medium
40.0,40.93,14.5,102.93,0.436,11.59,10.82,44.87,Medium
30.89,41.39,39.86,86.01,0.465,3.43,4.04,42.67,Medium
12.92,30.32,30.87,92.72,0.284,17.04,14.92,64.37,Medium
29.47,44.38,15.22,153.71,0.559,5.15,7.58,37.33,Medium
29.7,48.36,27.13,95.17,0.346,5.29,7.22,37.32,Medium
47.77,26.31,24.58,77.23,0.328,9.45,6.77,40.73,Medium
19.34,39.5,16.83,69.6,0.264,7.5,9.16,33.62,Low
27.87,29.8,29.58,70.08,0.501,1.95,3.84,44.53,Medium
44.65,87.99,25.89,31.91,0.451,3.33,3.53,25.83,Low
34.6,40.21,24.16,61.23,0.171,10.54,13.49,43.72,Medium
35.51,72.9,21.58,162.43,0.191,7.6,13.99,51.85,Medium
31.92,38.09,26.31,85.7,0.224,17.14,19.14,61.42,Medium
33.64,47.19,24.29,126.7,0.435,6.82,9.72,52.4,Medium
37.22,15.57,22.59,15.0,0.539,7.78,8.01,50.06,Medium
24.52,33.06,15.59,120.57,0.816,2.95,5.59,29.85,Low
38.02,46.21,38.94,87.74,0.837,11.47,11.9,67.29,Medium
20.02,73.72,11.5,73.34,0.342,0.58,3.3,7.77,Low
33.63,46.44,26.28,103.14,0.266,5.96,10.87,39.05,Medium
32.43,69.67,18.8,72.69,0.683,7.94,3.68,42.84,Medium
26.07,54.81,39.6,15.0,0.637,6.5,7.16,40.45,Medium
30.82,74.55,12.97,136.5,0.672,5.18,9.11,51.19,Medium
26.02,40.82,14.65,105.94,0.792,4.76,4.74,34.48,Low
22.43,89.8,12.3,80.87,0.339,5.34,6.6,12.9,Low
28.17,32.29,25.23,51.52,0.369,2.22,6.82,39.46,Medium
22.17,26.67,8.27,28.86,0.819,6.48,11.68,42.67,Medium
33.58,17.8,17.21,105.08,0.245,2.97,2.55,35.25,Medium
21.8,88.62,0.48,167.6,0.511,3.43,2.64,18.96,Low
36.7,58.39,24.4,104.14,0.875,2.01,2.84,42.71,Medium
21.55,35.32,17.0,32.78,0.49,27.27,16.52,56.51,Medium
